vendor_id,vendor_name,month,on_time_delivery_rate,average_delivery_delay,order_fulfillment_rate,quality_score,defect_rate,return_rate,complaint_count,response_time,service_rating,performance_score,risk_level
V001,Atlas Supplies,1,87,1.49,95,8.7,3.54,0.91,5,38.1,7.1,62.24,Medium
V001,Atlas Supplies,2,85,5.27,92,8.8,2.64,1.47,9,44.5,6.1,59.54,Medium
V001,Atlas Supplies,3,76,3.44,83,6.3,3.6,4.31,7,47.2,7.5,52.54,Low
V001,Atlas Supplies,4,95,5.66,94,6.1,2.94,1.48,7,13.5,9.3,62.39,Medium
V001,Atlas Supplies,5,97,1.19,91,7.8,4.44,4.12,0,39.1,9.2,67.11,Medium
V001,Atlas Supplies,6,80,4.58,100,6.7,5.4,3.88,4,21.0,7.1,52.2,Low
V001,Atlas Supplies,7,82,3.19,81,7.9,1.89,2.14,10,18.3,6.3,57.86,Medium
V001,Atlas Supplies,8,71,3.78,76,7.5,3.43,2.89,9,4.5,8.3,55.37,Medium
V001,Atlas Supplies,9,94,4.93,93,8.9,3.49,2.91,7,47.7,7.9,65.88,Medium
V001,Atlas Supplies,10,80,5.38,80,6.2,5.81,2.65,9,33.0,6.4,48.7,Low
V001,Atlas Supplies,11,95,2.28,87,8.5,5.99,3.18,10,44.6,6.8,61.04,Medium
V001,Atlas Supplies,12,88,1.86,83,7.8,2.1,1.29,7,22.9,9.2,65.78,Medium
V001,Atlas Supplies,13,77,5.17,91,9.0,2.59,0.77,3,31.6,6.0,57.42,Medium
V001,Atlas Supplies,14,81,1.17,88,6.1,2.91,2.15,9,30.0,7.8,55.55,Medium
V001,Atlas Supplies,15,89,2.67,77,9.3,3.33,3.9,1,4.3,8.2,66.75,Medium
V001,Atlas Supplies,16,79,0.54,90,6.3,5.16,3.58,2,33.0,7.0,52.0,Low
V001,Atlas Supplies,17,81,3.43,81,9.3,4.71,2.27,5,24.4,7.9,61.58,Medium
V001,Atlas Supplies,18,71,1.02,100,9.3,1.76,2.5,2,25.4,7.9,61.78,Medium
V001,Atlas Supplies,19,70,1.52,90,9.5,3.68,4.35,9,30.1,7.4,58.54,Medium
V001,Atlas Supplies,20,97,0.92,75,8.1,4.65,0.97,6,31.5,8.1,65.22,Medium
V001,Atlas Supplies,21,70,4.45,95,6.3,2.96,1.63,3,21.3,6.6,49.23,Low
V001,Atlas Supplies,22,85,2.95,83,8.8,0.69,3.97,4,7.6,9.1,68.32,Medium
V001,Atlas Supplies,23,91,5.71,98,8.4,4.46,3.28,3,23.4,7.4,61.61,Medium
V001,Atlas Supplies,24,79,5.13,81,7.1,2.86,2.58,3,19.9,6.8,54.71,Low
V002,Nimbus Supplies,1,96,2.42,81,8.0,2.46,3.32,9,32.2,8.0,66.08,Medium
V002,Nimbus Supplies,2,73,4.12,81,6.5,3.47,0.56,10,25.4,8.0,52.8,Low
V002,Nimbus Supplies,3,73,4.22,77,6.9,2.54,3.71,10,8.6,7.2,53.11,Low
V002,Nimbus Supplies,4,91,0.63,95,9.4,5.57,4.89,2,14.0,8.3,66.12,Medium
V002,Nimbus Supplies,5,98,3.25,98,8.4,2.89,3.98,6,41.8,6.1,63.5,Medium
V002,Nimbus Supplies,6,81,2.09,99,6.4,5.1,1.23,5,28.8,6.4,51.28,Low
V002,Nimbus Supplies,7,98,3.69,76,7.0,1.63,3.58,8,7.2,8.7,66.25,Medium
V002,Nimbus Supplies,8,75,0.54,90,7.6,1.57,4.3,3,19.1,6.4,56.2,Medium
V002,Nimbus Supplies,9,92,5.68,86,7.0,3.54,1.7,9,29.8,6.1,56.49,Medium
V002,Nimbus Supplies,10,72,3.79,79,9.0,0.76,1.68,3,2.0,8.2,62.24,Medium
V002,Nimbus Supplies,11,76,2.37,95,7.1,5.09,0.58,9,10.3,8.5,55.22,Medium
V002,Nimbus Supplies,12,88,4.38,86,6.2,3.84,1.45,7,42.2,6.3,53.62,Low
V002,Nimbus Supplies,13,89,4.6,76,8.9,4.85,4.82,2,12.6,6.2,59.7,Medium
V002,Nimbus Supplies,14,83,1.07,75,8.8,2.37,3.93,0,41.3,6.7,61.81,Medium
V002,Nimbus Supplies,15,71,2.68,98,7.3,3.91,1.58,3,43.0,8.2,54.77,Low
V002,Nimbus Supplies,16,72,5.46,84,7.5,3.07,3.72,8,30.0,8.4,55.91,Medium
V002,Nimbus Supplies,17,75,2.69,77,7.1,4.07,3.16,9,45.4,6.8,52.41,Low
V002,Nimbus Supplies,18,95,3.48,78,8.4,2.34,0.57,10,34.1,7.3,65.14,Medium
V002,Nimbus Supplies,19,78,2.85,89,8.3,2.22,3.57,3,7.3,9.1,63.17,Medium
V002,Nimbus Supplies,20,91,3.68,82,8.7,1.85,4.86,10,42.0,8.7,67.73,Medium
V002,Nimbus Supplies,21,71,0.9,86,7.4,4.87,4.32,2,18.9,8.9,55.95,Medium
V002,Nimbus Supplies,22,75,1.99,90,6.1,1.47,0.96,6,34.3,9.3,57.83,Medium
V002,Nimbus Supplies,23,84,1.23,97,9.3,2.61,1.27,9,31.1,6.6,62.48,Medium
V002,Nimbus Supplies,24,96,5.26,75,9.1,1.45,2.54,10,32.8,7.6,68.28,Medium
V003,Nimbus Supplies,1,84,4.11,80,8.0,4.13,1.58,6,44.6,9.0,61.94,Medium
V003,Nimbus Supplies,2,84,2.5,78,8.2,0.53,1.07,7,20.1,7.2,62.79,Medium
V003,Nimbus Supplies,3,94,2.08,79,9.1,2.4,2.21,4,35.4,9.0,70.53,Medium
V003,Nimbus Supplies,4,72,2.78,100,7.5,2.94,3.34,0,10.7,6.1,52.52,Low
V003,Nimbus Supplies,5,74,3.91,91,8.1,5.46,2.95,7,21.0,9.1,57.56,Medium
V003,Nimbus Supplies,6,78,5.46,75,6.9,1.55,4.47,5,33.8,6.7,54.78,Low
V003,Nimbus Supplies,7,80,1.38,98,6.5,2.67,3.76,8,35.0,8.4,57.63,Medium
V003,Nimbus Supplies,8,92,2.76,95,8.8,4.08,2.3,8,34.7,6.9,62.83,Medium
V003,Nimbus Supplies,9,98,2.62,87,6.6,0.58,3.35,4,20.1,7.8,64.97,Medium
V003,Nimbus Supplies,10,97,4.11,86,7.6,2.62,0.52,3,2.2,7.5,64.15,Medium
V003,Nimbus Supplies,11,86,2.14,75,9.1,5.91,4.65,4,36.4,6.0,58.2,Medium
V003,Nimbus Supplies,12,94,2.73,76,8.8,3.19,0.87,9,14.4,8.5,67.58,Medium
V003,Nimbus Supplies,13,82,1.56,100,7.0,0.72,3.45,4,9.6,9.3,63.49,Medium
V003,Nimbus Supplies,14,84,2.83,97,9.3,3.74,1.27,4,42.8,7.3,62.6,Medium
V003,Nimbus Supplies,15,98,3.29,94,7.3,5.96,3.14,10,34.5,6.4,58.07,Medium
V003,Nimbus Supplies,16,85,5.15,84,9.1,3.77,4.67,3,13.7,8.6,64.49,Medium
V003,Nimbus Supplies,17,88,5.13,95,8.8,2.22,4.25,6,47.5,6.3,61.6,Medium
V003,Nimbus Supplies,18,93,2.71,95,7.2,2.76,0.68,7,9.3,6.9,60.56,Medium
V003,Nimbus Supplies,19,79,2.75,99,9.1,3.83,4.07,4,18.8,7.6,60.88,Medium
V003,Nimbus Supplies,20,95,4.36,93,8.9,0.57,2.75,4,22.1,7.8,69.24,Medium
V003,Nimbus Supplies,21,87,2.83,94,7.4,4.66,2.94,2,40.5,6.1,55.68,Medium
V003,Nimbus Supplies,22,77,3.91,96,7.6,1.53,2.23,10,12.8,7.3,57.54,Medium
V003,Nimbus Supplies,23,73,2.68,100,8.1,2.64,4.3,0,39.2,6.4,55.29,Medium
V003,Nimbus Supplies,24,93,3.95,100,6.3,0.96,3.73,3,27.7,9.3,64.8,Medium
V004,Delta Solutions,1,98,5.45,93,8.6,5.07,4.83,1,17.6,8.4,66.12,Medium
V004,Delta Solutions,2,86,1.28,76,6.9,3.11,1.44,4,34.9,7.1,57.92,Medium
V004,Delta Solutions,3,75,5.36,90,6.4,2.87,1.67,6,25.3,6.5,50.74,Low
V004,Delta Solutions,4,73,4.51,96,8.2,1.63,0.85,8,39.4,9.1,61.09,Medium
V004,Delta Solutions,5,81,3.67,76,6.6,5.91,0.78,7,8.8,7.2,52.07,Low
V004,Delta Solutions,6,82,3.64,83,9.3,5.45,1.7,2,43.2,6.2,57.89,Medium
V004,Delta Solutions,7,72,0.65,94,6.8,0.68,2.29,2,35.1,8.5,58.26,Medium
V004,Delta Solutions,8,73,2.55,98,6.5,2.94,1.68,8,5.4,7.3,52.42,Low
V004,Delta Solutions,9,93,3.96,99,7.3,1.03,1.27,4,43.4,8.7,65.98,Medium
V004,Delta Solutions,10,73,1.36,90,6.1,4.42,1.99,1,32.3,6.5,48.99,Low
V004,Delta Solutions,11,87,2.04,87,9.1,0.92,4.44,2,2.2,7.0,65.67,Medium
V004,Delta Solutions,12,92,4.92,92,6.8,3.01,3.67,8,17.9,7.7,59.96,Medium
V004,Delta Solutions,13,75,3.18,82,7.4,0.86,1.82,4,42.0,6.1,55.09,Medium
V004,Delta Solutions,14,75,4.49,85,8.7,0.94,3.53,8,4.4,9.1,63.74,Medium
V004,Delta Solutions,15,90,2.74,80,6.4,2.93,4.08,6,38.9,7.5,58.59,Medium
V004,Delta Solutions,16,94,5.69,85,8.0,5.58,1.4,5,7.7,7.2,60.05,Medium
V004,Delta Solutions,17,93,1.49,86,7.5,4.37,1.73,9,14.0,7.3,60.71,Medium
V004,Delta Solutions,18,89,4.88,97,6.3,2.2,2.9,8,29.3,8.1,59.28,Medium
V004,Delta Solutions,19,83,1.49,80,6.3,2.76,2.19,1,6.6,7.6,56.82,Medium
V004,Delta Solutions,20,82,5.79,90,9.1,6.0,1.26,2,2.3,9.0,61.9,Medium
V004,Delta Solutions,21,77,0.94,83,7.1,4.42,1.33,4,4.5,6.2,52.25,Low
V004,Delta Solutions,22,90,2.8,95,7.3,3.47,3.37,1,31.5,6.3,58.13,Medium
V004,Delta Solutions,23,98,2.74,77,7.1,2.57,3.38,10,17.1,8.2,64.69,Medium
V004,Delta Solutions,24,90,5.03,86,7.2,5.6,0.82,7,31.0,7.2,56.69,Medium
V005,Apex Industries,1,73,1.4,85,6.6,4.47,1.45,1,43.0,8.0,53.18,Low
V005,Apex Industries,2,77,3.94,87,6.4,1.44,3.62,9,16.8,9.2,58.48,Medium
V005,Apex Industries,3,72,1.37,79,7.1,2.01,2.52,1,11.0,8.7,57.95,Medium
V005,Apex Industries,4,73,1.14,75,8.5,3.65,2.75,1,10.3,8.8,60.42,Medium
V005,Apex Industries,5,75,5.32,98,7.8,2.01,3.5,5,45.2,7.2,56.56,Medium
V005,Apex Industries,6,84,5.37,93,7.9,2.1,1.56,9,29.0,7.2,59.66,Medium
V005,Apex Industries,7,89,2.16,82,8.5,1.74,2.73,5,16.2,7.9,65.67,Medium
V005,Apex Industries,8,86,3.62,80,8.4,0.85,0.95,6,35.9,7.7,64.45,Medium
V005,Apex Industries,9,74,0.76,90,8.1,2.76,1.03,3,43.2,7.8,58.65,Medium
V005,Apex Industries,10,86,3.46,79,9.2,3.17,4.05,6,32.3,7.6,63.97,Medium
V005,Apex Industries,11,82,4.35,79,9.1,5.92,2.51,2,10.3,6.0,56.34,Medium
V005,Apex Industries,12,81,1.89,94,8.1,4.85,1.29,4,17.3,6.5,56.08,Medium
V005,Apex Industries,13,88,0.84,81,6.9,4.62,0.99,10,31.9,7.4,57.52,Medium
V005,Apex Industries,14,94,1.52,77,8.0,4.68,4.67,10,5.1,8.6,64.54,Medium
V005,Apex Industries,15,85,0.93,92,9.4,1.3,1.99,8,33.8,6.5,64.32,Medium
V005,Apex Industries,16,88,0.68,91,6.8,5.41,3.39,3,45.2,8.4,58.87,Medium
V005,Apex Industries,17,85,5.03,82,8.8,0.91,2.69,4,35.9,8.3,65.98,Medium
V005,Apex Industries,18,76,1.71,91,6.2,1.71,4.53,1,25.1,8.1,56.11,Medium
V005,Apex Industries,19,74,4.8,85,8.6,5.76,0.97,6,16.5,6.8,53.74,Low
V005,Apex Industries,20,82,1.4,79,6.3,2.63,1.68,2,29.4,6.5,54.37,Low
V005,Apex Industries,21,95,0.55,80,7.9,1.27,3.42,6,13.6,8.7,68.69,Medium
V005,Apex Industries,22,94,1.0,83,7.6,5.2,3.18,4,42.5,7.4,61.05,Medium
V005,Apex Industries,23,79,0.9,94,8.7,2.98,1.48,1,12.8,8.2,62.55,Medium
V005,Apex Industries,24,93,2.84,76,7.0,2.8,3.61,9,23.8,9.2,64.49,Medium
V006,Apex Enterprises,1,85,4.73,88,7.6,2.02,4.43,5,31.2,7.5,60.3,Medium
V006,Apex Enterprises,2,75,2.38,84,6.7,0.78,4.86,0,23.0,9.2,60.02,Medium
V006,Apex Enterprises,3,97,2.29,77,7.7,3.74,4.18,9,21.8,7.2,62.84,Medium
V006,Apex Enterprises,4,87,2.01,97,7.3,5.74,4.33,10,21.1,6.4,54.76,Low
V006,Apex Enterprises,5,90,0.74,75,8.3,5.77,2.22,5,24.6,7.2,60.45,Medium
V006,Apex Enterprises,6,75,4.93,95,6.5,5.9,4.57,9,10.6,9.2,53.32,Low
V006,Apex Enterprises,7,86,5.99,86,9.3,2.1,1.9,3,40.6,6.1,61.8,Medium
V006,Apex Enterprises,8,82,2.01,95,7.7,4.44,2.92,9,45.0,8.8,60.16,Medium
V006,Apex Enterprises,9,92,3.57,85,6.3,1.52,4.18,4,2.6,7.0,59.34,Medium
V006,Apex Enterprises,10,88,4.35,84,8.2,3.82,1.56,4,44.8,6.8,59.79,Medium
V006,Apex Enterprises,11,86,3.35,85,6.1,5.44,4.85,8,5.0,7.6,53.87,Low
V006,Apex Enterprises,12,71,3.56,95,8.2,4.39,3.44,0,46.7,6.5,53.07,Low
V006,Apex Enterprises,13,72,4.96,79,6.5,3.76,1.29,8,42.0,8.7,53.45,Low
V006,Apex Enterprises,14,70,5.05,89,8.9,5.4,4.66,6,19.1,9.1,57.99,Medium
V006,Apex Enterprises,15,97,3.64,84,6.0,2.56,3.59,10,28.5,8.1,61.18,Medium
V006,Apex Enterprises,16,73,4.97,88,7.4,2.19,1.47,10,27.0,8.6,57.32,Medium
V006,Apex Enterprises,17,87,3.41,81,8.0,1.88,1.21,0,9.3,6.9,61.52,Medium
V006,Apex Enterprises,18,87,3.15,83,6.1,0.97,2.87,10,4.5,9.0,61.44,Medium
V006,Apex Enterprises,19,73,0.99,75,6.3,2.58,4.03,4,46.4,7.0,52.27,Low
V006,Apex Enterprises,20,96,2.77,90,6.5,0.91,1.26,3,4.9,8.8,65.7,Medium
V006,Apex Enterprises,21,76,5.86,94,8.3,4.28,1.33,9,18.4,8.7,58.55,Medium
V006,Apex Enterprises,22,74,3.87,88,6.3,2.54,4.99,10,15.6,9.4,56.44,Medium
V006,Apex Enterprises,23,79,0.95,84,8.6,4.13,3.09,0,3.2,9.0,62.78,Medium
V006,Apex Enterprises,24,83,0.61,100,8.2,4.54,3.34,7,24.6,7.9,60.31,Medium
V007,Apex Manufacturing,1,78,3.46,98,6.8,4.43,4.47,0,44.3,8.3,55.6,Medium
V007,Apex Manufacturing,2,90,0.98,81,6.2,5.09,2.06,7,7.7,8.2,57.72,Medium
V007,Apex Manufacturing,3,85,4.56,82,6.6,2.13,0.96,4,29.3,6.9,56.58,Medium
V007,Apex Manufacturing,4,97,5.95,80,8.2,0.64,0.75,3,37.5,7.8,67.77,Medium
V007,Apex Manufacturing,5,83,3.26,84,6.6,1.32,0.68,4,33.1,6.5,56.21,Medium
V007,Apex Manufacturing,6,94,3.82,81,6.0,3.16,2.44,0,24.9,6.8,57.38,Medium
V007,Apex Manufacturing,7,91,3.2,81,7.7,4.88,1.48,3,38.2,7.0,59.27,Medium
V007,Apex Manufacturing,8,78,1.9,81,8.5,5.43,2.44,6,36.8,6.1,54.55,Low
V007,Apex Manufacturing,9,81,0.91,89,8.6,4.44,4.39,8,14.5,7.3,59.38,Medium
V007,Apex Manufacturing,10,77,3.52,94,6.1,2.9,0.82,10,22.1,9.0,55.92,Medium
V007,Apex Manufacturing,11,76,5.56,92,8.9,5.86,4.66,4,8.7,6.1,53.6,Low
V007,Apex Manufacturing,12,73,1.7,83,9.2,1.9,2.36,2,8.3,6.1,58.33,Medium
V007,Apex Manufacturing,13,88,0.85,97,8.1,2.36,1.18,8,20.3,7.9,63.88,Medium
V007,Apex Manufacturing,14,97,2.57,88,6.6,2.14,2.16,6,19.7,8.9,65.17,Medium
V007,Apex Manufacturing,15,76,5.88,93,6.5,1.61,4.05,0,39.9,8.7,57.17,Medium
V007,Apex Manufacturing,16,92,1.24,88,8.7,2.74,0.52,3,22.8,8.0,66.75,Medium
V007,Apex Manufacturing,17,82,2.57,98,7.1,5.66,3.47,10,41.9,7.4,54.45,Low
V007,Apex Manufacturing,18,76,1.46,77,6.2,2.56,1.94,10,4.6,8.1,54.87,Low
V007,Apex Manufacturing,19,97,5.06,94,6.7,3.15,4.8,3,44.4,6.6,59.34,Medium
V007,Apex Manufacturing,20,82,5.1,80,6.3,5.19,2.71,0,17.6,8.0,53.99,Low
V007,Apex Manufacturing,21,97,1.27,81,8.8,4.83,2.56,5,10.3,6.0,62.55,Medium
V007,Apex Manufacturing,22,90,2.42,85,8.2,2.57,4.55,9,31.1,7.1,62.58,Medium
V007,Apex Manufacturing,23,98,5.37,86,8.1,5.48,3.47,6,9.7,9.2,65.83,Medium
V007,Apex Manufacturing,24,85,1.98,85,8.2,0.55,4.5,6,6.5,8.8,66.5,Medium
V008,Orion Traders,1,87,3.79,76,8.5,2.27,1.3,2,5.8,9.2,66.78,Medium
V008,Orion Traders,2,98,1.19,85,6.9,2.29,1.04,7,17.1,7.1,62.81,Medium
V008,Orion Traders,3,97,4.06,77,6.2,2.4,3.98,3,43.7,6.7,59.28,Medium
V008,Orion Traders,4,98,5.22,99,9.3,2.74,4.62,4,31.8,7.6,68.5,Medium
V008,Orion Traders,5,77,0.89,84,9.1,5.55,2.9,6,18.2,7.8,59.23,Medium
V008,Orion Traders,6,89,2.77,83,8.1,4.92,3.09,4,19.7,7.5,60.59,Medium
V008,Orion Traders,7,84,4.93,91,8.8,2.93,2.12,4,19.8,7.0,61.04,Medium
V008,Orion Traders,8,72,0.58,75,8.4,4.89,4.5,0,11.4,6.9,54.96,Low
V008,Orion Traders,9,90,1.48,90,8.0,2.18,4.3,0,25.4,6.8,62.55,Medium
V008,Orion Traders,10,85,4.62,83,8.9,4.16,2.37,9,24.2,9.3,64.83,Medium
V008,Orion Traders,11,93,4.3,97,8.4,3.38,1.15,2,25.9,7.0,62.99,Medium
V008,Orion Traders,12,76,1.78,87,8.4,4.07,1.6,3,4.7,7.6,58.13,Medium
V008,Orion Traders,13,76,4.13,86,6.2,2.3,1.99,9,20.4,6.6,51.52,Low
V008,Orion Traders,14,74,5.04,99,9.3,4.74,3.65,3,18.1,6.5,56.0,Medium
V008,Orion Traders,15,93,1.56,88,8.2,5.76,2.08,9,47.4,7.2,60.85,Medium
V008,Orion Traders,16,77,5.84,81,9.0,5.37,3.57,1,12.5,8.2,58.97,Medium
V008,Orion Traders,17,77,3.58,79,8.9,1.38,3.71,7,35.5,7.1,60.77,Medium
V008,Orion Traders,18,87,6.0,85,7.8,3.9,1.9,1,13.5,6.9,58.3,Medium
V008,Orion Traders,19,81,5.76,83,6.4,2.16,3.71,1,37.2,8.0,56.7,Medium
V008,Orion Traders,20,88,1.56,81,9.4,5.4,4.95,7,42.3,7.7,63.56,Medium
V008,Orion Traders,21,90,0.6,76,8.2,4.44,3.05,8,2.1,6.8,60.61,Medium
V008,Orion Traders,22,86,5.78,86,6.6,4.45,1.28,8,46.3,8.8,57.9,Medium
V008,Orion Traders,23,70,0.59,94,8.0,4.78,1.3,10,12.2,7.8,54.67,Low
V008,Orion Traders,24,89,2.12,79,7.4,2.3,2.08,1,33.4,7.7,62.17,Medium
V009,Delta Supplies,1,70,0.63,99,7.2,1.23,1.46,2,3.8,7.6,56.21,Medium
V009,Delta Supplies,2,76,1.23,76,8.7,5.52,1.84,6,36.0,7.7,57.62,Medium
V009,Delta Supplies,3,91,5.35,100,6.3,3.32,4.2,4,47.2,9.4,61.54,Medium
V009,Delta Supplies,4,98,4.9,82,6.0,1.1,0.99,1,16.9,9.4,65.73,Medium
V009,Delta Supplies,5,93,3.56,78,8.0,5.17,0.81,6,34.6,6.3,58.79,Medium
V009,Delta Supplies,6,76,3.98,95,6.7,4.14,3.73,2,8.7,8.5,55.11,Medium
V009,Delta Supplies,7,90,5.52,94,7.6,5.6,1.19,10,46.1,9.3,61.62,Medium
V009,Delta Supplies,8,75,5.47,95,8.1,4.65,4.77,2,28.2,6.7,53.78,Low
V009,Delta Supplies,9,97,3.92,78,6.1,1.62,4.59,5,4.0,8.0,62.35,Medium
V009,Delta Supplies,10,92,0.54,92,7.3,3.62,4.4,7,33.9,9.3,64.94,Medium
V009,Delta Supplies,11,88,1.51,94,6.8,5.51,4.69,4,29.3,7.2,56.11,Medium
V009,Delta Supplies,12,91,5.46,98,9.3,3.92,1.97,2,7.0,6.5,62.71,Medium
V009,Delta Supplies,13,91,5.03,88,6.5,2.87,1.74,3,3.1,7.6,59.02,Medium
V009,Delta Supplies,14,87,3.36,79,7.9,1.85,3.23,5,14.4,8.4,64.06,Medium
V009,Delta Supplies,15,84,3.18,87,7.9,4.27,4.42,5,33.7,6.4,56.64,Medium
V009,Delta Supplies,16,89,3.84,79,8.1,0.82,1.42,4,39.4,7.8,65.02,Medium
V009,Delta Supplies,17,97,4.71,91,7.3,5.43,1.98,8,47.1,6.2,57.59,Medium
V009,Delta Supplies,18,94,3.43,75,8.6,4.03,2.25,7,17.1,6.4,61.96,Medium
V009,Delta Supplies,19,86,5.41,80,6.9,3.44,3.44,1,21.1,7.1,56.71,Medium
V009,Delta Supplies,20,73,1.39,85,6.2,2.67,0.81,3,14.8,8.4,54.68,Low
V009,Delta Supplies,21,97,3.48,83,7.6,3.41,2.72,2,29.1,9.4,67.37,Medium
V009,Delta Supplies,22,88,1.38,92,7.0,4.73,3.99,1,36.7,7.4,57.98,Medium
V009,Delta Supplies,23,76,4.24,86,6.2,2.17,1.5,5,40.6,8.7,56.02,Medium
V009,Delta Supplies,24,80,5.91,84,8.4,5.61,2.35,10,21.0,6.7,54.81,Low
V010,Delta Enterprises,1,96,1.78,98,6.1,4.1,0.92,3,14.0,9.1,62.35,Medium
V010,Delta Enterprises,2,83,3.89,76,6.1,3.33,1.99,8,5.8,9.2,58.0,Medium
V010,Delta Enterprises,3,85,1.45,99,7.8,1.45,1.6,10,19.2,9.1,65.14,Medium
V010,Delta Enterprises,4,79,3.11,75,6.1,1.02,2.34,4,31.5,7.3,55.5,Medium
V010,Delta Enterprises,5,75,3.72,98,7.9,3.87,3.54,1,25.3,9.3,59.75,Medium
V010,Delta Enterprises,6,78,4.72,86,8.4,4.98,0.9,0,38.3,6.5,55.14,Medium
V010,Delta Enterprises,7,97,4.46,81,7.5,5.24,2.75,1,40.7,7.4,61.09,Medium
V010,Delta Enterprises,8,70,5.71,79,8.4,2.22,0.9,4,11.1,8.8,59.25,Medium
V010,Delta Enterprises,9,78,4.32,89,7.1,1.06,1.61,5,12.8,9.5,61.66,Medium
V010,Delta Enterprises,10,95,4.24,88,7.7,0.69,2.59,3,8.5,9.0,68.6,Medium
V010,Delta Enterprises,11,84,0.6,91,7.2,2.63,4.26,1,23.4,8.0,60.57,Medium
V010,Delta Enterprises,12,95,3.4,95,6.8,1.4,2.5,9,27.8,6.7,60.95,Medium
V010,Delta Enterprises,13,80,5.68,88,7.0,1.85,4.05,7,8.1,7.4,56.68,Medium
V010,Delta Enterprises,14,98,5.22,80,9.1,3.68,2.2,0,27.6,7.4,66.86,Medium
V010,Delta Enterprises,15,71,1.18,81,7.0,3.37,0.67,2,40.2,7.2,52.98,Low
V010,Delta Enterprises,16,85,1.75,78,7.1,0.8,4.12,4,18.1,8.2,62.46,Medium
V010,Delta Enterprises,17,73,2.57,96,8.1,3.16,3.58,0,4.8,8.1,58.2,Medium
V010,Delta Enterprises,18,86,3.44,93,7.0,5.23,2.94,6,17.0,6.5,54.21,Low
V010,Delta Enterprises,19,86,2.04,100,8.4,3.7,4.69,0,38.4,9.3,65.49,Medium
V010,Delta Enterprises,20,92,2.26,75,8.7,1.71,0.85,1,30.4,7.8,67.23,Medium
V010,Delta Enterprises,21,91,2.41,84,6.5,1.24,3.0,0,12.2,7.5,61.26,Medium
V010,Delta Enterprises,22,83,3.14,96,6.9,1.93,1.35,7,8.1,6.2,55.63,Medium
V010,Delta Enterprises,23,93,3.21,93,6.7,4.35,2.71,5,41.6,7.6,59.1,Medium
V010,Delta Enterprises,24,80,2.73,77,8.1,1.8,2.03,9,22.7,8.9,63.12,Medium
V011,Apex Enterprises,1,80,1.04,93,8.3,2.18,3.36,0,12.1,6.3,58.91,Medium
V011,Apex Enterprises,2,79,4.25,90,8.0,3.21,3.57,5,42.4,7.0,57.13,Medium
V011,Apex Enterprises,3,89,4.06,83,7.1,1.39,1.51,5,19.7,8.1,62.44,Medium
V011,Apex Enterprises,4,73,3.43,81,8.5,2.12,2.36,4,40.2,6.3,56.22,Medium
V011,Apex Enterprises,5,74,0.67,83,8.2,4.99,3.79,3,36.9,6.9,54.89,Low
V011,Apex Enterprises,6,92,2.68,100,6.6,4.72,0.93,1,17.6,9.1,61.46,Medium
V011,Apex Enterprises,7,97,0.73,90,8.1,2.03,2.06,3,3.9,6.2,64.24,Medium
V011,Apex Enterprises,8,83,4.6,99,9.2,2.13,2.79,1,37.1,9.0,66.72,Medium
V011,Apex Enterprises,9,71,2.57,92,8.7,1.25,3.35,10,36.5,6.7,57.61,Medium
V011,Apex Enterprises,10,77,4.45,77,7.6,0.58,3.96,0,33.1,7.8,59.86,Medium
V011,Apex Enterprises,11,93,4.46,99,7.3,0.53,4.85,3,17.5,7.2,63.41,Medium
V011,Apex Enterprises,12,96,1.22,93,7.8,5.93,3.96,8,10.1,8.1,62.66,Medium
V011,Apex Enterprises,13,74,0.99,81,9.0,3.11,1.38,7,13.1,9.3,63.29,Medium
V011,Apex Enterprises,14,84,4.04,100,6.8,5.22,1.63,7,31.8,6.2,52.22,Low
V011,Apex Enterprises,15,76,1.94,89,8.2,1.27,4.69,2,34.1,6.7,58.64,Medium
V011,Apex Enterprises,16,90,1.67,97,8.0,2.48,0.6,6,6.0,7.2,62.7,Medium
V011,Apex Enterprises,17,89,5.76,98,8.1,4.99,1.41,6,44.5,6.9,58.47,Medium
V011,Apex Enterprises,18,84,1.06,99,8.9,2.63,3.76,10,45.1,7.5,63.26,Medium
V011,Apex Enterprises,19,85,2.66,94,7.0,4.39,4.17,1,14.6,9.1,60.35,Medium
V011,Apex Enterprises,20,97,1.33,80,6.9,2.95,4.42,10,8.2,7.2,61.82,Medium
V011,Apex Enterprises,21,75,0.77,83,8.1,1.26,2.17,6,28.9,6.7,58.15,Medium
V011,Apex Enterprises,22,74,4.54,85,6.0,2.71,2.28,1,23.1,9.2,55.41,Medium
V011,Apex Enterprises,23,79,4.87,78,7.6,1.28,2.14,10,43.6,7.6,58.85,Medium
V011,Apex Enterprises,24,98,2.57,75,8.3,3.51,1.77,0,28.1,6.9,64.7,Medium
V012,Delta Traders,1,78,5.13,92,7.6,1.74,3.7,1,23.3,7.2,57.63,Medium
V012,Delta Traders,2,80,5.62,99,7.8,3.83,2.55,6,31.8,8.1,58.17,Medium
V012,Delta Traders,3,87,5.14,99,8.8,4.68,0.73,2,24.1,6.2,58.79,Medium
V012,Delta Traders,4,86,4.49,77,8.8,4.19,3.51,5,40.9,8.5,63.54,Medium
V012,Delta Traders,5,89,0.98,90,7.8,5.7,2.32,0,4.4,8.3,61.3,Medium
V012,Delta Traders,6,97,2.34,96,7.6,5.85,0.92,4,28.3,8.1,62.52,Medium
V012,Delta Traders,7,82,4.67,75,7.3,5.44,1.92,3,26.2,8.8,57.79,Medium
V012,Delta Traders,8,89,2.88,99,6.5,2.33,4.53,7,13.8,8.9,61.8,Medium
V012,Delta Traders,9,94,5.38,94,7.0,3.35,4.55,6,10.5,9.0,63.41,Medium
V012,Delta Traders,10,86,3.82,76,6.6,5.57,4.92,8,35.8,9.5,58.67,Medium
V012,Delta Traders,11,95,2.27,87,8.1,5.62,1.17,3,8.4,9.4,65.96,Medium
V012,Delta Traders,12,93,2.79,100,7.6,5.2,1.14,7,25.5,8.6,62.5,Medium
V012,Delta Traders,13,88,4.59,98,9.2,1.62,3.6,3,9.1,6.0,62.88,Medium
V012,Delta Traders,14,98,3.22,83,8.1,4.95,2.55,2,10.7,8.5,65.69,Medium
V012,Delta Traders,15,75,3.63,82,8.8,2.92,0.72,4,37.4,6.2,56.62,Medium
V012,Delta Traders,16,79,4.89,80,6.6,2.62,2.86,7,25.0,8.2,56.36,Medium
V012,Delta Traders,17,89,1.25,85,6.2,2.36,1.64,5,24.8,7.4,58.53,Medium
V012,Delta Traders,18,70,1.3,95,6.8,4.08,1.72,3,18.3,8.3,53.55,Low
V012,Delta Traders,19,81,0.74,84,8.0,3.35,2.89,10,24.7,8.5,61.31,Medium
V012,Delta Traders,20,70,1.03,98,8.2,5.0,2.44,2,3.4,9.5,58.64,Medium
V012,Delta Traders,21,73,5.39,89,6.9,2.1,1.08,5,14.1,6.3,51.7,Low
V012,Delta Traders,22,71,2.62,88,6.8,4.79,2.65,4,25.3,8.7,53.6,Low
V012,Delta Traders,23,80,5.93,91,8.6,2.39,2.75,6,38.8,7.6,60.53,Medium
V012,Delta Traders,24,91,5.35,81,9.4,2.54,4.69,10,47.6,8.2,67.37,Medium
V013,Zenith Solutions,1,79,1.38,92,8.0,1.22,1.6,0,45.1,9.2,64.48,Medium
V013,Zenith Solutions,2,85,2.58,94,6.6,2.66,1.14,6,4.9,9.3,61.24,Medium
V013,Zenith Solutions,3,97,4.68,90,8.7,4.16,4.34,4,46.0,9.2,68.57,Medium
V013,Zenith Solutions,4,84,3.53,78,8.3,4.16,4.12,4,9.9,8.4,61.71,Medium
V013,Zenith Solutions,5,92,0.74,90,8.5,3.25,2.47,0,30.7,9.3,68.61,Medium
V013,Zenith Solutions,6,91,0.51,93,7.5,1.7,1.75,9,32.9,6.4,61.12,Medium
V013,Zenith Solutions,7,74,2.24,76,8.1,5.84,4.19,9,27.0,9.4,58.1,Medium
V013,Zenith Solutions,8,80,2.33,95,6.1,5.39,3.96,3,35.6,9.1,55.33,Medium
V013,Zenith Solutions,9,72,1.51,88,9.3,1.56,0.91,3,27.1,8.8,63.96,Medium
V013,Zenith Solutions,10,73,2.34,94,6.3,1.74,4.62,6,37.3,7.0,52.67,Low
V013,Zenith Solutions,11,91,5.61,79,9.1,3.08,3.02,3,40.3,9.5,68.97,Medium
V013,Zenith Solutions,12,80,4.88,84,6.3,2.56,3.82,10,18.6,8.1,55.67,Medium
V013,Zenith Solutions,13,90,4.97,77,9.4,0.65,3.84,4,12.6,7.8,68.51,Medium
V013,Zenith Solutions,14,87,2.97,82,6.7,5.63,1.33,8,28.8,8.8,58.03,Medium
V013,Zenith Solutions,15,81,4.54,83,6.8,3.07,2.89,2,47.1,9.5,60.04,Medium
V013,Zenith Solutions,16,72,3.48,85,7.1,4.2,4.23,10,39.5,9.0,55.38,Medium
V013,Zenith Solutions,17,71,3.8,80,6.9,0.52,3.24,8,39.1,8.8,57.83,Medium
V013,Zenith Solutions,18,79,4.52,75,6.9,5.61,3.91,9,31.6,8.3,54.31,Low
V013,Zenith Solutions,19,80,5.01,79,7.3,4.05,2.37,1,34.5,8.7,58.3,Medium
V013,Zenith Solutions,20,91,3.14,90,9.0,5.75,2.46,10,27.7,7.4,62.11,Medium
V013,Zenith Solutions,21,91,3.65,94,6.8,2.36,1.51,6,26.5,6.3,57.88,Medium
V013,Zenith Solutions,22,74,1.15,81,8.9,5.81,1.87,7,14.1,8.3,58.3,Medium
V013,Zenith Solutions,23,96,1.35,88,7.6,0.78,3.09,5,24.2,8.2,67.63,Medium
V013,Zenith Solutions,24,75,5.29,75,8.6,2.43,1.43,10,27.8,9.1,61.7,Medium
V014,Delta Corporation,1,96,1.26,89,8.8,1.45,4.72,10,11.0,8.0,69.33,Medium
V014,Delta Corporation,2,97,1.89,98,7.0,4.95,3.15,1,11.7,7.9,61.78,Medium
V014,Delta Corporation,3,73,1.02,85,8.2,4.69,2.06,4,3.9,7.3,55.5,Medium
V014,Delta Corporation,4,98,2.49,99,8.5,5.01,2.94,3,19.6,7.7,65.17,Medium
V014,Delta Corporation,5,84,1.32,76,7.9,3.34,4.08,7,15.4,6.4,57.93,Medium
V014,Delta Corporation,6,72,0.89,85,7.7,1.93,1.34,4,44.7,7.4,56.9,Medium
V014,Delta Corporation,7,75,5.33,77,8.5,1.04,3.26,1,15.1,6.3,57.68,Medium
V014,Delta Corporation,8,97,5.37,91,6.9,0.86,3.42,9,18.6,6.7,61.95,Medium
V014,Delta Corporation,9,88,1.3,88,7.3,1.24,3.93,3,13.3,8.4,64.13,Medium
V014,Delta Corporation,10,74,3.37,79,8.1,0.6,4.74,7,32.2,8.0,60.36,Medium
V014,Delta Corporation,11,72,3.72,77,6.4,4.7,2.02,9,42.0,8.5,52.12,Low
V014,Delta Corporation,12,96,4.61,76,6.8,5.81,4.07,1,10.2,7.4,58.39,Medium
V014,Delta Corporation,13,77,1.95,89,6.2,1.9,4.05,1,35.1,6.7,53.41,Low
V014,Delta Corporation,14,73,3.03,95,6.5,5.14,0.83,2,5.4,7.6,51.0,Low
V014,Delta Corporation,15,93,1.0,86,7.0,2.62,3.81,1,40.9,8.7,64.53,Medium
V014,Delta Corporation,16,92,3.53,89,6.6,3.05,1.82,2,11.9,8.7,62.07,Medium
V014,Delta Corporation,17,94,1.08,81,6.3,3.68,2.07,1,18.3,7.1,58.85,Medium
V014,Delta Corporation,18,86,4.66,87,8.5,5.28,0.95,3,24.2,6.5,57.75,Medium
V014,Delta Corporation,19,97,5.02,86,7.4,1.87,4.05,5,35.7,8.4,65.88,Medium
V014,Delta Corporation,20,86,4.17,80,8.4,5.43,1.74,10,47.1,6.3,56.73,Medium
V014,Delta Corporation,21,79,4.78,98,7.7,2.57,4.66,0,17.2,6.4,55.94,Medium
V014,Delta Corporation,22,82,2.2,98,7.0,4.3,4.82,7,41.0,9.2,59.4,Medium
V014,Delta Corporation,23,78,1.72,90,6.4,5.47,1.57,0,39.6,7.3,52.0,Low
V014,Delta Corporation,24,95,5.1,97,9.1,0.97,3.15,10,33.4,7.8,68.85,Medium
V015,Phoenix Solutions,1,70,2.03,93,6.1,5.1,1.2,8,46.1,6.8,47.34,Low
V015,Phoenix Solutions,2,89,4.63,82,8.6,3.78,2.19,5,22.4,7.2,61.86,Medium
V015,Phoenix Solutions,3,76,5.61,79,6.8,3.84,3.7,3,30.5,9.1,56.41,Medium
V015,Phoenix Solutions,4,71,4.18,93,8.6,1.4,1.47,6,39.3,8.6,60.8,Medium
V015,Phoenix Solutions,5,90,2.95,80,6.0,3.49,4.97,6,14.0,7.5,56.97,Medium
V015,Phoenix Solutions,6,93,0.61,81,7.8,0.94,1.21,5,12.8,8.9,68.51,Medium
V015,Phoenix Solutions,7,90,3.23,78,7.4,1.8,3.27,10,43.0,7.6,62.09,Medium
V015,Phoenix Solutions,8,89,0.77,92,9.4,1.87,3.27,3,22.3,6.1,64.64,Medium
V015,Phoenix Solutions,9,82,1.46,97,6.1,4.15,2.75,10,44.0,8.4,55.73,Medium
V015,Phoenix Solutions,10,91,4.26,95,9.1,0.76,3.24,6,8.8,6.5,65.47,Medium
V015,Phoenix Solutions,11,70,5.19,93,6.7,5.95,2.02,9,44.0,6.9,47.35,Low
V015,Phoenix Solutions,12,96,5.53,79,7.1,2.47,1.44,7,47.1,8.7,64.55,Medium
V015,Phoenix Solutions,13,71,4.44,99,8.6,2.99,1.82,0,24.2,6.2,54.65,Low
V015,Phoenix Solutions,14,78,2.31,82,7.0,3.88,4.65,4,39.4,7.2,54.54,Low
V015,Phoenix Solutions,15,82,5.69,81,6.8,3.72,3.14,1,25.9,8.2,56.91,Medium
V015,Phoenix Solutions,16,80,3.04,98,9.3,4.24,4.38,10,24.5,6.4,58.55,Medium
V015,Phoenix Solutions,17,95,2.55,90,8.1,1.21,2.39,3,25.0,6.2,63.9,Medium
V015,Phoenix Solutions,18,88,4.6,94,6.9,0.82,4.31,6,4.9,7.9,61.58,Medium
V015,Phoenix Solutions,19,96,2.61,99,7.6,0.81,3.66,4,25.4,6.5,63.94,Medium
V015,Phoenix Solutions,20,92,1.73,90,8.1,1.84,1.01,8,38.1,7.4,64.58,Medium
V015,Phoenix Solutions,21,80,4.75,93,6.1,0.58,4.33,5,9.0,7.3,55.83,Medium
V015,Phoenix Solutions,22,82,1.88,87,7.9,1.71,1.82,2,18.8,9.4,64.97,Medium
V015,Phoenix Solutions,23,97,0.77,89,8.0,1.52,1.85,2,3.7,8.9,69.94,Medium
V015,Phoenix Solutions,24,72,3.49,99,7.6,1.53,3.03,0,47.1,8.1,58.0,Medium
V016,Atlas Corporation,1,79,5.08,87,9.1,5.34,4.77,7,28.5,8.6,60.64,Medium
V016,Atlas Corporation,2,94,3.54,97,8.0,4.34,1.5,5,9.4,8.2,63.82,Medium
V016,Atlas Corporation,3,81,3.91,81,8.8,4.59,0.61,8,34.2,7.4,59.18,Medium
V016,Atlas Corporation,4,83,1.51,91,9.0,1.68,2.11,5,34.2,9.0,67.24,Medium
V016,Atlas Corporation,5,90,0.71,96,8.4,2.96,2.52,10,33.4,7.1,63.06,Medium
V016,Atlas Corporation,6,95,3.67,83,7.3,1.63,2.98,6,47.6,8.7,66.05,Medium
V016,Atlas Corporation,7,74,5.03,89,8.2,0.94,3.04,9,28.1,8.5,60.75,Medium
V016,Atlas Corporation,8,74,2.79,80,7.2,2.47,1.28,6,47.6,8.7,57.83,Medium
V016,Atlas Corporation,9,70,2.31,79,8.0,0.56,1.92,1,11.1,6.3,55.91,Medium
V016,Atlas Corporation,10,97,2.36,92,7.7,0.72,4.95,1,46.5,7.7,67.24,Medium
V016,Atlas Corporation,11,84,3.49,81,9.4,2.9,0.84,0,6.2,6.7,62.53,Medium
V016,Atlas Corporation,12,73,5.77,85,8.2,3.04,4.1,8,27.1,9.2,59.57,Medium
V016,Atlas Corporation,13,92,5.24,89,6.1,3.48,2.2,0,3.6,7.0,56.66,Medium
V016,Atlas Corporation,14,77,3.43,89,6.4,4.19,0.96,3,18.2,7.2,52.15,Low
V016,Atlas Corporation,15,71,5.16,83,6.2,1.96,4.8,0,38.7,6.6,50.3,Low
V016,Atlas Corporation,16,92,4.92,99,6.4,0.62,4.24,1,33.7,7.8,61.9,Medium
V016,Atlas Corporation,17,91,2.56,97,8.4,1.53,3.19,2,9.8,9.1,68.78,Medium
V016,Atlas Corporation,18,72,1.01,98,8.7,3.22,3.61,1,10.3,8.3,60.03,Medium
V016,Atlas Corporation,19,86,5.56,87,7.1,2.62,1.48,6,4.7,8.4,60.34,Medium
V016,Atlas Corporation,20,83,3.42,88,9.3,3.57,2.1,10,31.3,7.4,62.17,Medium
V016,Atlas Corporation,21,94,0.61,90,6.5,0.52,2.9,7,41.3,8.7,65.53,Medium
V016,Atlas Corporation,22,73,4.73,86,8.5,2.93,1.64,4,42.7,9.1,60.69,Medium
V016,Atlas Corporation,23,91,2.84,75,8.5,5.62,4.36,0,10.4,6.7,60.17,Medium
V016,Atlas Corporation,24,83,5.33,91,7.2,4.41,3.49,7,31.3,8.1,57.16,Medium
V017,Titan Supplies,1,92,1.06,93,7.0,4.04,2.21,10,11.6,9.5,63.89,Medium
V017,Titan Supplies,2,92,3.49,93,7.7,1.04,1.89,6,23.2,9.4,68.04,Medium
V017,Titan Supplies,3,72,2.03,98,7.1,4.74,4.4,10,2.4,7.4,52.0,Low
V017,Titan Supplies,4,85,5.2,76,7.0,3.43,4.03,5,23.0,7.5,57.27,Medium
V017,Titan Supplies,5,91,3.74,97,9.0,2.9,4.92,8,41.8,6.4,62.91,Medium
V017,Titan Supplies,6,90,2.17,80,8.1,4.39,1.47,0,4.4,6.7,60.22,Medium
V017,Titan Supplies,7,95,1.21,81,7.2,4.15,1.03,4,28.4,9.2,65.0,Medium
V017,Titan Supplies,8,79,1.9,92,9.0,3.65,4.78,6,11.5,9.4,64.53,Medium
V017,Titan Supplies,9,83,2.98,75,6.0,2.98,4.48,0,45.3,6.5,53.33,Low
V017,Titan Supplies,10,82,1.34,79,7.1,4.93,2.87,3,36.1,7.3,55.64,Medium
V017,Titan Supplies,11,92,4.78,83,8.0,5.57,2.89,1,32.8,9.5,64.39,Medium
V017,Titan Supplies,12,82,3.93,83,7.6,2.72,3.02,7,31.3,8.7,61.05,Medium
V017,Titan Supplies,13,86,5.57,89,6.1,3.94,4.76,2,30.0,6.6,53.12,Low
V017,Titan Supplies,14,96,3.63,77,7.1,1.24,3.08,10,30.8,7.5,63.7,Medium
V017,Titan Supplies,15,77,2.89,79,7.0,5.09,0.72,4,33.4,6.9,52.24,Low
V017,Titan Supplies,16,93,2.47,78,9.4,2.8,5.0,2,10.1,6.7,65.93,Medium
V017,Titan Supplies,17,89,1.25,90,7.1,0.66,4.44,9,37.5,8.5,64.48,Medium
V017,Titan Supplies,18,77,4.89,79,8.9,2.63,1.0,6,8.0,7.1,59.25,Medium
V017,Titan Supplies,19,76,5.21,90,7.0,1.72,3.06,5,17.9,7.6,56.03,Medium
V017,Titan Supplies,20,94,0.63,92,6.7,5.4,2.91,10,14.9,7.2,57.99,Medium
V017,Titan Supplies,21,88,4.01,81,8.7,1.85,2.58,5,21.7,9.0,67.45,Medium
V017,Titan Supplies,22,96,4.41,88,7.6,2.91,0.63,3,45.5,7.9,64.24,Medium
V017,Titan Supplies,23,83,3.56,86,8.5,1.18,2.61,5,25.4,6.0,59.98,Medium
V017,Titan Supplies,24,75,4.66,93,9.1,5.9,1.37,7,14.0,9.3,60.18,Medium
V018,Zenith Solutions,1,74,5.24,99,7.1,0.61,1.79,3,18.7,8.3,58.18,Medium
V018,Zenith Solutions,2,92,4.34,97,7.0,2.38,4.61,5,28.5,8.9,63.79,Medium
V018,Zenith Solutions,3,79,3.04,84,6.7,3.65,2.59,7,30.2,8.0,55.64,Medium
V018,Zenith Solutions,4,93,5.03,96,9.0,1.68,4.17,3,25.4,6.0,63.96,Medium
V018,Zenith Solutions,5,96,2.57,96,8.4,3.23,2.28,7,21.8,8.5,67.38,Medium
V018,Zenith Solutions,6,93,5.6,95,8.1,0.65,1.66,6,20.5,7.7,65.85,Medium
V018,Zenith Solutions,7,83,0.85,97,7.7,4.9,4.96,9,37.7,9.4,61.54,Medium
V018,Zenith Solutions,8,85,5.25,81,6.5,1.65,3.39,8,47.9,8.7,60.04,Medium
V018,Zenith Solutions,9,94,1.55,99,8.8,4.04,0.86,1,28.5,8.9,68.22,Medium
V018,Zenith Solutions,10,88,5.74,90,6.2,4.26,2.95,10,20.0,6.2,52.51,Low
V018,Zenith Solutions,11,71,1.6,82,8.5,5.03,1.68,4,15.4,8.1,56.67,Medium
V018,Zenith Solutions,12,95,4.82,78,6.2,5.27,1.39,8,6.0,6.2,54.28,Low
V018,Zenith Solutions,13,86,2.94,77,9.3,2.84,1.02,0,25.5,6.5,62.77,Medium
V018,Zenith Solutions,14,76,2.78,81,8.9,1.83,3.61,9,5.8,8.2,62.27,Medium
V018,Zenith Solutions,15,80,0.79,89,6.6,4.39,0.76,2,16.2,6.4,52.61,Low
V018,Zenith Solutions,16,77,4.88,77,9.4,5.77,2.16,1,43.6,6.0,55.41,Medium
V018,Zenith Solutions,17,81,2.11,75,8.7,2.37,0.72,9,31.1,7.2,61.15,Medium
V018,Zenith Solutions,18,82,3.31,91,6.5,3.11,0.8,1,22.5,7.5,55.96,Medium
V018,Zenith Solutions,19,97,0.81,99,6.2,5.36,1.9,6,33.6,7.1,57.79,Medium
V018,Zenith Solutions,20,71,5.43,100,8.9,3.85,4.42,7,25.0,6.1,53.74,Low
V018,Zenith Solutions,21,92,0.86,100,9.0,3.41,3.7,0,21.8,8.6,68.27,Medium
V018,Zenith Solutions,22,80,3.24,87,6.2,1.95,4.57,0,7.5,9.5,59.74,Medium
V018,Zenith Solutions,23,98,3.66,80,6.8,4.96,4.02,2,2.4,7.0,59.32,Medium
V018,Zenith Solutions,24,83,1.86,84,8.1,1.25,0.84,4,11.6,7.2,61.78,Medium
V019,Orion Corporation,1,81,2.8,90,6.0,4.89,3.81,9,31.3,8.9,55.11,Medium
V019,Orion Corporation,2,80,4.5,98,8.7,1.27,4.07,9,34.4,9.4,65.7,Medium
V019,Orion Corporation,3,77,2.79,93,7.5,2.54,4.18,6,2.9,7.6,57.36,Medium
V019,Orion Corporation,4,74,2.88,87,8.7,0.82,1.53,8,21.2,7.2,60.11,Medium
V019,Orion Corporation,5,72,4.38,98,7.9,2.83,4.77,1,23.9,6.3,53.58,Low
V019,Orion Corporation,6,97,0.81,86,6.6,5.86,2.22,0,38.9,6.9,58.19,Medium
V019,Orion Corporation,7,91,1.81,78,7.6,1.97,3.59,9,47.4,7.9,63.78,Medium
V019,Orion Corporation,8,87,2.62,94,6.1,1.77,1.83,3,17.2,7.3,57.73,Medium
V019,Orion Corporation,9,94,1.86,81,6.3,1.98,3.3,1,3.0,8.1,62.35,Medium
V019,Orion Corporation,10,79,2.27,85,9.2,1.49,0.87,1,21.9,8.1,64.74,Medium
V019,Orion Corporation,11,82,1.46,87,6.7,2.45,4.72,3,41.7,8.5,59.48,Medium
V019,Orion Corporation,12,78,1.84,95,6.6,4.33,0.5,1,2.8,7.5,53.96,Low
V019,Orion Corporation,13,74,4.93,98,6.6,5.39,0.8,6,30.1,7.0,49.48,Low
V019,Orion Corporation,14,74,5.2,82,7.0,1.04,4.96,0,5.9,7.2,55.46,Medium
V019,Orion Corporation,15,85,1.46,100,6.1,2.45,0.62,2,23.9,8.8,59.68,Medium
V019,Orion Corporation,16,93,4.0,76,9.4,1.88,2.25,4,23.1,9.3,71.57,Medium
V019,Orion Corporation,17,86,3.87,78,7.6,5.58,1.53,5,17.8,6.6,55.5,Medium
V019,Orion Corporation,18,97,1.21,86,7.7,1.42,1.48,0,9.3,7.2,65.88,Medium
V019,Orion Corporation,19,74,3.27,81,9.3,0.8,4.11,8,11.5,7.6,62.33,Medium
V019,Orion Corporation,20,89,1.51,84,7.4,5.81,3.04,10,20.2,6.6,56.16,Medium
V019,Orion Corporation,21,90,2.29,97,8.6,0.9,4.18,6,4.8,8.7,68.63,Medium
V019,Orion Corporation,22,89,1.37,90,8.3,1.61,3.54,4,44.9,6.8,63.35,Medium
V019,Orion Corporation,23,97,4.49,93,6.8,3.85,4.84,0,10.8,6.2,58.38,Medium
V019,Orion Corporation,24,87,2.17,87,8.3,5.77,4.3,1,14.5,6.1,57.04,Medium
V020,Gamma Services,1,72,4.07,95,6.4,4.16,3.79,5,44.8,7.4,50.57,Low
V020,Gamma Services,2,88,2.12,78,6.4,5.27,3.0,9,41.6,9.4,59.35,Medium
V020,Gamma Services,3,74,3.62,100,6.5,0.91,4.89,3,36.8,9.4,58.99,Medium
V020,Gamma Services,4,97,4.16,92,8.6,3.69,2.92,9,30.4,6.2,62.67,Medium
V020,Gamma Services,5,84,5.07,94,6.5,2.24,1.88,4,3.3,8.7,59.34,Medium
V020,Gamma Services,6,79,1.04,84,9.3,3.97,1.54,0,29.6,7.1,60.87,Medium
V020,Gamma Services,7,94,3.72,100,6.2,0.6,3.76,3,45.7,8.4,63.52,Medium
V020,Gamma Services,8,91,4.33,87,6.1,2.5,2.56,4,24.2,9.1,61.52,Medium
V020,Gamma Services,9,83,4.41,81,6.2,1.67,2.61,0,25.2,6.7,55.18,Medium
V020,Gamma Services,10,93,1.28,76,7.2,3.08,2.23,6,13.1,8.2,63.25,Medium
V020,Gamma Services,11,92,4.78,89,6.8,5.32,4.44,3,25.5,8.0,58.53,Medium
V020,Gamma Services,12,74,0.86,91,7.3,3.93,2.61,1,23.2,6.7,53.35,Low
V020,Gamma Services,13,95,3.82,77,8.6,3.08,0.79,3,36.6,9.1,68.77,Medium
V020,Gamma Services,14,70,5.04,87,7.9,1.11,4.46,4,40.2,8.0,57.68,Medium
V020,Gamma Services,15,95,1.83,100,8.5,2.91,3.22,1,21.9,8.2,67.48,Medium
V020,Gamma Services,16,88,4.51,99,6.2,1.52,3.82,0,20.2,7.0,57.65,Medium
V020,Gamma Services,17,88,4.0,85,9.1,0.96,4.21,6,11.9,9.1,69.49,Medium
V020,Gamma Services,18,87,2.67,88,9.4,1.36,4.52,5,20.5,6.2,64.07,Medium
V020,Gamma Services,19,70,1.35,94,6.1,2.85,4.37,5,19.3,8.8,53.91,Low
V020,Gamma Services,20,85,3.33,84,9.4,3.19,3.01,1,44.8,6.7,62.58,Medium
V020,Gamma Services,21,82,1.26,91,7.4,3.92,0.96,2,31.0,8.4,59.66,Medium
V020,Gamma Services,22,75,4.22,82,8.7,5.63,4.84,7,5.0,8.5,57.96,Medium
V020,Gamma Services,23,78,2.31,82,9.3,3.89,4.58,10,17.3,8.4,62.38,Medium
V020,Gamma Services,24,94,1.51,93,9.5,2.83,2.42,5,15.4,7.5,68.19,Medium
V021,Orion Corporation,1,79,2.36,95,7.3,1.27,4.58,10,10.3,8.0,59.54,Medium
V021,Orion Corporation,2,91,0.65,92,9.0,1.48,1.27,3,20.5,7.8,68.16,Medium
V021,Orion Corporation,3,88,4.26,76,9.1,0.52,2.1,2,31.2,6.9,65.67,Medium
V021,Orion Corporation,4,75,5.76,86,8.4,1.97,3.17,6,36.9,8.3,60.14,Medium
V021,Orion Corporation,5,82,1.19,79,9.0,5.84,1.85,4,3.7,8.8,62.46,Medium
V021,Orion Corporation,6,78,1.55,86,8.4,2.41,4.09,8,31.9,6.1,57.3,Medium
V021,Orion Corporation,7,79,2.24,78,8.7,2.01,2.38,0,46.9,8.4,63.63,Medium
V021,Orion Corporation,8,77,1.18,91,8.2,4.18,1.36,7,6.5,7.5,57.62,Medium
V021,Orion Corporation,9,91,3.66,91,8.1,1.36,0.9,7,11.3,7.5,64.47,Medium
V021,Orion Corporation,10,78,4.14,97,7.6,1.92,2.08,10,24.7,6.9,56.64,Medium
V021,Orion Corporation,11,76,4.91,91,9.0,3.32,1.46,4,42.9,6.4,57.15,Medium
V021,Orion Corporation,12,93,5.66,91,8.5,2.64,4.17,3,19.0,7.1,63.8,Medium
V021,Orion Corporation,13,95,5.32,81,7.7,5.65,3.16,7,6.8,6.0,57.17,Medium
V021,Orion Corporation,14,84,3.36,87,6.8,2.04,2.18,8,40.6,7.6,58.32,Medium
V021,Orion Corporation,15,73,5.38,82,8.8,1.6,4.37,2,23.9,9.2,62.9,Medium
V021,Orion Corporation,16,84,4.19,83,8.2,0.74,3.34,6,47.0,9.1,66.01,Medium
V021,Orion Corporation,17,78,2.5,96,8.3,3.44,2.07,3,46.9,6.9,57.63,Medium
V021,Orion Corporation,18,73,4.6,94,6.4,2.0,3.25,0,20.6,8.3,55.0,Medium
V021,Orion Corporation,19,80,3.87,96,7.6,3.37,4.87,9,7.7,9.1,60.41,Medium
V021,Orion Corporation,20,84,5.42,88,7.6,0.82,2.17,10,10.8,9.3,64.33,Medium
V021,Orion Corporation,21,76,0.95,91,9.2,5.29,4.96,5,24.6,9.1,62.02,Medium
V021,Orion Corporation,22,78,2.12,80,6.8,1.34,4.04,10,5.8,7.7,57.33,Medium
V021,Orion Corporation,23,98,5.57,87,6.6,4.08,0.82,2,46.3,7.0,59.23,Medium
V021,Orion Corporation,24,86,2.89,87,8.1,5.39,4.44,9,28.3,8.0,59.79,Medium
V022,Titan Manufacturing,1,91,3.05,94,7.1,3.09,2.88,10,47.0,6.3,57.85,Medium
V022,Titan Manufacturing,2,77,1.61,77,6.2,3.34,2.09,7,9.0,6.7,51.76,Low
V022,Titan Manufacturing,3,79,5.96,89,8.4,2.33,3.25,4,26.8,7.2,59.03,Medium
V022,Titan Manufacturing,4,87,3.01,82,8.2,0.87,4.96,0,33.5,8.5,66.33,Medium
V022,Titan Manufacturing,5,97,1.15,93,9.4,0.73,4.58,5,11.0,6.6,69.38,Medium
V022,Titan Manufacturing,6,91,0.7,92,7.6,5.06,1.8,3,34.6,9.4,64.26,Medium
V022,Titan Manufacturing,7,82,1.0,85,9.1,2.94,4.07,6,17.3,8.4,64.76,Medium
V022,Titan Manufacturing,8,83,3.59,80,8.2,5.25,1.85,3,15.2,7.8,58.85,Medium
V022,Titan Manufacturing,9,78,4.93,89,8.7,2.51,2.61,5,16.8,8.7,62.46,Medium
V022,Titan Manufacturing,10,98,2.42,88,7.4,5.81,3.32,9,13.4,8.3,62.54,Medium
V022,Titan Manufacturing,11,73,0.86,87,8.4,0.58,1.11,7,6.8,8.7,62.8,Medium
V022,Titan Manufacturing,12,75,5.92,79,6.1,4.11,2.76,10,27.8,6.2,47.81,Low
V022,Titan Manufacturing,13,70,5.22,88,7.9,3.02,1.29,5,33.8,8.9,57.48,Medium
V022,Titan Manufacturing,14,84,1.34,87,6.7,5.52,2.29,10,7.2,7.9,55.6,Medium
V022,Titan Manufacturing,15,74,3.2,97,7.2,5.12,0.63,9,23.4,9.1,55.73,Medium
V022,Titan Manufacturing,16,75,5.5,89,7.8,5.41,4.47,5,10.8,9.2,57.12,Medium
V022,Titan Manufacturing,17,88,3.11,93,9.4,4.79,4.77,3,4.5,7.0,62.58,Medium
V022,Titan Manufacturing,18,91,5.87,78,7.3,4.53,0.97,5,35.8,7.3,58.45,Medium
V022,Titan Manufacturing,19,94,5.55,90,8.3,0.61,2.33,6,46.3,8.9,69.15,Medium
V022,Titan Manufacturing,20,77,5.65,95,8.5,2.76,4.52,3,18.2,9.5,62.88,Medium
V022,Titan Manufacturing,21,96,1.5,93,6.7,3.65,2.98,4,19.3,9.4,64.92,Medium
V022,Titan Manufacturing,22,92,0.52,82,8.5,0.98,4.59,3,10.4,7.5,67.19,Medium
V022,Titan Manufacturing,23,92,5.26,84,8.5,5.0,4.86,7,39.5,8.0,62.78,Medium
V022,Titan Manufacturing,24,97,0.97,99,7.9,1.9,0.88,9,46.4,6.2,63.51,Medium
V023,Delta Corporation,1,83,5.9,91,9.2,3.82,1.16,10,47.4,8.2,62.65,Medium
V023,Delta Corporation,2,98,2.31,98,8.4,5.81,3.34,6,26.6,8.0,64.61,Medium
V023,Delta Corporation,3,83,5.88,86,7.7,4.4,3.49,5,22.6,9.1,60.38,Medium
V023,Delta Corporation,4,78,3.72,88,9.0,3.62,2.33,4,21.8,8.0,61.05,Medium
V023,Delta Corporation,5,93,5.36,80,9.1,4.56,2.27,1,41.0,9.1,67.55,Medium
V023,Delta Corporation,6,74,1.88,96,8.4,1.98,1.97,8,43.0,8.5,61.05,Medium
V023,Delta Corporation,7,85,3.63,75,6.2,5.11,4.63,7,2.6,6.8,52.48,Low
V023,Delta Corporation,8,96,5.34,90,8.8,1.58,0.71,3,39.0,7.1,66.73,Medium
V023,Delta Corporation,9,96,4.72,88,8.8,3.85,3.71,1,30.0,9.0,68.52,Medium
V023,Delta Corporation,10,94,4.79,85,8.9,1.9,1.11,4,45.0,8.1,68.05,Medium
V023,Delta Corporation,11,87,0.57,92,8.6,3.97,1.91,6,14.7,8.7,64.94,Medium
V023,Delta Corporation,12,85,5.7,99,7.3,1.06,3.53,1,19.3,7.1,59.67,Medium
V023,Delta Corporation,13,79,2.16,83,6.2,5.0,3.94,6,11.8,7.6,52.51,Low
V023,Delta Corporation,14,91,1.68,85,6.7,1.24,1.68,4,3.0,8.1,62.94,Medium
V023,Delta Corporation,15,74,1.0,75,6.9,5.55,1.75,0,23.4,8.9,55.15,Medium
V023,Delta Corporation,16,87,3.46,99,8.1,1.96,3.78,10,45.2,9.2,65.78,Medium
V023,Delta Corporation,17,84,2.52,85,9.4,5.5,4.78,3,12.6,8.0,62.62,Medium
V023,Delta Corporation,18,82,0.8,85,7.6,4.2,4.45,7,6.7,7.2,57.35,Medium
V023,Delta Corporation,19,76,1.66,95,6.3,1.17,1.19,8,2.6,6.3,52.96,Low
V023,Delta Corporation,20,83,3.54,84,6.1,3.89,1.89,8,48.0,7.7,54.52,Low
V023,Delta Corporation,21,82,2.31,78,7.5,2.44,0.69,6,14.0,8.7,61.53,Medium
V023,Delta Corporation,22,81,0.93,97,9.1,5.35,3.84,5,46.3,6.1,57.47,Medium
V023,Delta Corporation,23,94,2.05,77,8.1,2.91,2.08,10,38.4,8.3,65.83,Medium
V023,Delta Corporation,24,71,3.07,97,7.5,1.24,4.95,7,15.7,7.6,56.44,Medium
V024,Nimbus Services,1,90,4.49,84,8.4,1.79,2.64,2,31.4,9.4,68.29,Medium
V024,Nimbus Services,2,72,3.59,76,7.3,5.59,2.39,2,22.1,6.9,50.66,Low
V024,Nimbus Services,3,71,3.45,91,8.4,4.57,0.79,1,33.7,6.4,53.17,Low
V024,Nimbus Services,4,74,4.69,99,7.4,3.98,2.14,3,47.4,6.2,51.5,Low
V024,Nimbus Services,5,71,4.68,83,8.3,2.29,2.06,0,35.2,6.2,54.54,Low
V024,Nimbus Services,6,89,1.82,93,7.8,2.51,4.41,8,11.5,6.6,60.49,Medium
V024,Nimbus Services,7,79,4.3,82,8.5,1.14,2.88,0,29.8,8.6,63.88,Medium
V024,Nimbus Services,8,87,3.66,91,8.4,3.8,1.46,1,27.2,6.5,59.69,Medium
V024,Nimbus Services,9,75,4.43,91,8.3,3.3,3.15,8,9.5,7.7,57.59,Medium
V024,Nimbus Services,10,70,2.2,94,6.4,3.62,0.92,0,47.0,7.7,51.73,Low
V024,Nimbus Services,11,93,1.6,92,8.3,1.28,1.96,1,27.3,9.0,69.57,Medium
V024,Nimbus Services,12,88,5.09,80,7.3,4.06,3.35,5,21.0,7.8,59.07,Medium
V024,Nimbus Services,13,78,4.84,82,8.8,4.62,4.82,4,27.2,7.7,58.67,Medium
V024,Nimbus Services,14,94,3.07,85,8.2,5.54,1.08,8,8.7,9.2,65.09,Medium
V024,Nimbus Services,15,81,5.97,88,7.4,0.6,1.3,5,3.3,7.8,60.11,Medium
V024,Nimbus Services,16,94,4.64,89,6.4,1.15,4.13,0,32.6,9.3,65.19,Medium
V024,Nimbus Services,17,96,3.89,96,9.3,0.95,2.97,7,30.3,7.7,69.98,Medium
V024,Nimbus Services,18,79,2.14,95,6.6,3.89,1.13,1,23.1,8.2,56.08,Medium
V024,Nimbus Services,19,92,5.85,94,6.1,5.11,4.7,8,41.1,6.9,54.28,Low
V024,Nimbus Services,20,72,3.84,92,7.1,3.11,0.65,6,2.7,6.9,52.38,Low
V024,Nimbus Services,21,74,3.11,81,6.1,5.45,0.53,1,42.3,6.4,47.67,Low
V024,Nimbus Services,22,73,4.2,75,8.9,0.91,1.07,7,17.8,6.2,57.89,Medium
V024,Nimbus Services,23,94,2.52,94,6.9,3.26,3.42,8,12.7,6.6,59.06,Medium
V024,Nimbus Services,24,72,3.51,95,7.3,3.65,4.28,0,25.0,8.2,55.32,Medium
V025,Orion Logistics,1,71,0.99,84,7.2,0.82,5.0,2,25.4,8.5,58.68,Medium
V025,Orion Logistics,2,79,1.93,97,8.4,1.84,4.34,7,37.7,7.7,61.38,Medium
V025,Orion Logistics,3,92,2.58,96,8.9,5.38,2.63,5,30.3,8.2,64.58,Medium
V025,Orion Logistics,4,88,0.68,84,6.4,5.74,3.27,10,4.5,7.8,55.99,Medium
V025,Orion Logistics,5,73,4.77,86,7.0,4.6,3.65,4,38.4,7.3,51.66,Low
V025,Orion Logistics,6,70,4.53,96,6.2,3.5,3.8,10,2.5,7.0,48.87,Low
V025,Orion Logistics,7,90,0.96,93,6.6,5.87,2.91,2,28.9,7.8,57.39,Medium
V025,Orion Logistics,8,76,5.79,100,9.4,3.4,2.94,6,21.1,8.4,61.75,Medium
V025,Orion Logistics,9,72,3.91,97,7.2,5.88,1.25,3,5.7,8.1,52.39,Low
V025,Orion Logistics,10,92,2.88,79,8.6,3.05,1.74,5,26.4,9.3,68.28,Medium
V025,Orion Logistics,11,84,1.54,99,7.1,2.92,4.97,2,29.3,7.9,59.55,Medium
V025,Orion Logistics,12,90,4.44,99,8.2,4.66,2.25,8,33.4,6.5,58.83,Medium
V025,Orion Logistics,13,85,2.34,93,6.8,2.09,2.68,0,38.3,7.0,58.07,Medium
V025,Orion Logistics,14,74,0.75,96,8.3,5.81,4.08,3,24.0,8.8,58.1,Medium
V025,Orion Logistics,15,78,2.4,93,7.5,4.33,2.58,0,5.8,6.1,53.32,Low
V025,Orion Logistics,16,87,5.68,78,8.6,1.1,1.46,10,23.3,8.7,66.33,Medium
V025,Orion Logistics,17,88,4.93,79,7.4,1.61,3.56,4,20.7,6.5,59.26,Medium
V025,Orion Logistics,18,94,1.54,79,8.7,1.52,4.5,0,37.4,7.7,68.14,Medium
V025,Orion Logistics,19,95,4.42,81,9.1,3.96,1.19,3,17.5,7.6,65.98,Medium
V025,Orion Logistics,20,72,4.54,95,7.4,4.0,3.27,10,43.1,6.7,51.47,Low
V025,Orion Logistics,21,93,2.15,81,6.4,1.28,3.26,2,32.7,6.3,59.23,Medium
V025,Orion Logistics,22,83,3.39,82,7.3,5.59,2.86,9,5.2,7.0,54.41,Low
V025,Orion Logistics,23,79,1.23,97,6.4,4.8,2.99,3,28.6,8.9,56.19,Medium
V025,Orion Logistics,24,81,1.03,98,8.3,0.63,4.66,7,28.9,9.3,66.46,Medium
V026,Alpha Solutions,1,83,1.19,99,7.0,3.88,1.71,9,43.4,7.9,57.72,Medium
V026,Alpha Solutions,2,85,2.06,90,6.8,4.16,4.05,5,8.3,8.5,58.83,Medium
V026,Alpha Solutions,3,98,1.05,91,7.2,5.08,1.59,9,31.9,7.6,61.71,Medium
V026,Alpha Solutions,4,72,0.88,78,9.4,2.07,4.71,6,14.9,8.9,63.91,Medium
V026,Alpha Solutions,5,84,4.6,86,8.3,4.27,1.13,3,44.4,8.0,60.58,Medium
V026,Alpha Solutions,6,91,4.79,93,6.5,1.28,1.23,2,45.8,9.2,63.92,Medium
V026,Alpha Solutions,7,83,3.73,83,7.8,1.6,1.08,4,24.4,7.9,61.62,Medium
V026,Alpha Solutions,8,80,2.86,85,7.9,4.67,1.88,5,9.4,8.1,58.31,Medium
V026,Alpha Solutions,9,77,2.04,81,7.2,3.18,4.85,0,11.8,9.1,59.46,Medium
V026,Alpha Solutions,10,87,3.77,90,6.0,4.93,4.97,7,29.8,7.7,54.63,Low
V026,Alpha Solutions,11,96,4.96,79,6.1,0.81,2.9,2,46.3,7.3,61.3,Medium
V026,Alpha Solutions,12,98,5.07,85,6.1,3.39,1.83,6,24.5,8.2,60.99,Medium
V026,Alpha Solutions,13,95,1.14,95,9.4,3.43,3.39,5,18.9,7.3,67.38,Medium
V026,Alpha Solutions,14,89,5.07,89,9.0,2.08,3.77,10,41.9,8.5,66.8,Medium
V026,Alpha Solutions,15,79,5.44,83,6.0,1.41,4.72,9,27.5,7.1,53.63,Low
V026,Alpha Solutions,16,78,5.2,77,7.1,3.19,1.69,5,9.3,6.5,53.31,Low
V026,Alpha Solutions,17,86,1.04,85,7.7,1.01,1.9,7,32.1,7.6,62.93,Medium
V026,Alpha Solutions,18,73,5.46,93,9.2,3.52,0.52,2,9.3,9.3,62.16,Medium
V026,Alpha Solutions,19,70,5.12,78,6.3,1.87,4.48,7,46.0,6.9,50.55,Low
V026,Alpha Solutions,20,81,0.94,77,8.0,5.29,0.88,3,4.3,7.3,57.27,Medium
V026,Alpha Solutions,21,71,4.83,79,8.4,2.67,3.6,10,13.9,8.5,58.47,Medium
V026,Alpha Solutions,22,97,4.77,84,9.4,4.49,2.17,9,24.8,9.3,69.92,Medium
V026,Alpha Solutions,23,78,3.62,76,7.1,3.59,1.67,5,26.0,8.8,57.91,Medium
V026,Alpha Solutions,24,92,3.83,94,6.1,3.89,1.62,8,42.7,9.1,60.4,Medium
V027,Zenith Manufacturing,1,93,2.78,82,7.0,0.58,0.84,8,24.8,9.4,67.17,Medium
V027,Zenith Manufacturing,2,88,0.8,78,7.6,3.63,4.47,1,9.0,9.3,64.52,Medium
V027,Zenith Manufacturing,3,96,4.23,98,9.4,0.78,1.43,4,3.8,7.0,69.06,Medium
V027,Zenith Manufacturing,4,96,5.33,91,8.4,1.18,3.98,4,19.4,6.0,63.89,Medium
V027,Zenith Manufacturing,5,89,3.56,93,6.9,1.88,0.75,8,38.5,8.3,61.83,Medium
V027,Zenith Manufacturing,6,89,4.97,97,9.3,3.35,2.98,4,6.2,7.3,64.21,Medium
V027,Zenith Manufacturing,7,70,3.55,90,7.3,3.45,3.13,3,37.4,9.3,56.86,Medium
V027,Zenith Manufacturing,8,98,5.59,88,8.5,2.16,3.32,10,8.3,8.0,67.49,Medium
V027,Zenith Manufacturing,9,95,1.63,85,8.7,2.03,2.22,10,37.5,8.1,68.26,Medium
V027,Zenith Manufacturing,10,79,5.34,78,8.1,2.08,1.41,3,19.3,6.8,57.94,Medium
V027,Zenith Manufacturing,11,73,5.08,76,7.0,2.59,0.95,3,15.6,8.7,56.44,Medium
V027,Zenith Manufacturing,12,96,2.4,91,7.2,5.62,2.29,7,47.5,8.2,61.43,Medium
V027,Zenith Manufacturing,13,89,2.31,99,7.9,0.57,1.08,5,21.1,7.2,63.9,Medium
V027,Zenith Manufacturing,14,78,0.85,92,6.0,0.85,2.28,7,36.1,9.1,59.09,Medium
V027,Zenith Manufacturing,15,97,2.07,84,7.4,1.42,2.89,6,37.5,8.9,68.01,Medium
V027,Zenith Manufacturing,16,82,2.14,93,8.1,3.0,3.57,7,4.2,9.2,63.46,Medium
V027,Zenith Manufacturing,17,81,2.09,99,8.1,5.68,3.79,10,17.4,9.0,59.9,Medium
V027,Zenith Manufacturing,18,89,3.45,94,8.0,5.93,3.16,7,43.9,7.2,58.41,Medium
V027,Zenith Manufacturing,19,81,2.45,99,8.7,3.3,2.05,4,27.5,6.3,58.59,Medium
V027,Zenith Manufacturing,20,90,4.76,97,8.2,5.44,4.43,5,14.9,9.3,63.72,Medium
V027,Zenith Manufacturing,21,81,2.26,98,7.6,2.77,3.56,6,6.9,6.3,56.31,Medium
V027,Zenith Manufacturing,22,93,5.17,78,8.8,4.3,4.41,4,8.7,6.8,62.36,Medium
V027,Zenith Manufacturing,23,81,5.51,97,7.0,3.64,4.87,0,38.8,8.3,57.43,Medium
V027,Zenith Manufacturing,24,82,1.88,92,6.0,2.62,3.63,2,11.9,8.5,57.51,Medium
V028,Beta Logistics,1,79,4.8,91,6.1,4.06,0.9,7,47.4,7.1,51.49,Low
V028,Beta Logistics,2,85,2.55,94,8.3,2.12,2.96,3,46.6,8.3,64.19,Medium
V028,Beta Logistics,3,96,3.25,81,7.7,4.71,4.46,2,43.2,7.4,62.03,Medium
V028,Beta Logistics,4,71,5.15,85,9.3,0.96,1.37,7,43.0,8.6,62.7,Medium
V028,Beta Logistics,5,86,5.87,80,6.6,3.43,3.25,5,40.7,6.2,53.85,Low
V028,Beta Logistics,6,92,3.69,77,7.4,4.68,4.78,10,40.0,7.9,60.4,Medium
V028,Beta Logistics,7,77,4.23,84,6.4,0.62,4.3,6,17.8,6.8,54.57,Low
V028,Beta Logistics,8,95,4.44,100,9.3,4.97,1.27,9,32.9,8.4,66.77,Medium
V028,Beta Logistics,9,87,4.29,87,7.2,5.14,1.33,4,23.0,9.2,60.44,Medium
V028,Beta Logistics,10,84,4.17,88,7.7,1.04,2.83,4,10.2,6.5,59.37,Medium
V028,Beta Logistics,11,95,5.24,89,6.9,3.45,4.06,1,9.3,8.8,63.29,Medium
V028,Beta Logistics,12,83,2.26,80,9.4,0.58,4.0,2,18.7,6.9,65.11,Medium
V028,Beta Logistics,13,87,5.8,81,6.5,1.84,3.97,6,6.7,6.7,56.51,Medium
V028,Beta Logistics,14,83,5.17,88,9.2,5.75,3.11,0,6.5,6.8,58.61,Medium
V028,Beta Logistics,15,84,4.34,78,7.1,0.85,3.24,6,36.8,8.7,62.31,Medium
V028,Beta Logistics,16,81,5.11,98,9.2,1.01,3.48,2,9.4,8.0,64.96,Medium
V028,Beta Logistics,17,92,2.08,84,6.1,2.33,0.59,3,14.6,8.4,61.25,Medium
V028,Beta Logistics,18,78,5.47,82,8.7,5.68,3.81,2,33.5,7.7,57.3,Medium
V028,Beta Logistics,19,89,4.81,87,7.6,4.23,3.57,1,43.9,8.2,61.07,Medium
V028,Beta Logistics,20,90,5.92,89,6.1,0.86,3.08,3,6.3,7.8,59.86,Medium
V028,Beta Logistics,21,72,3.04,86,7.0,4.92,4.31,10,45.2,8.5,53.52,Low
V028,Beta Logistics,22,72,3.54,96,8.4,3.96,0.98,6,6.9,9.3,59.66,Medium
V028,Beta Logistics,23,77,3.24,91,9.5,2.99,2.89,2,40.5,6.8,60.4,Medium
V028,Beta Logistics,24,78,4.27,77,9.3,2.53,2.24,6,9.9,7.9,62.45,Medium
V029,Nimbus Industries,1,81,2.54,91,8.0,2.19,3.13,0,22.8,7.2,59.93,Medium
V029,Nimbus Industries,2,94,5.26,99,8.2,2.42,2.51,7,12.3,8.4,66.12,Medium
V029,Nimbus Industries,3,75,3.19,86,7.8,3.78,0.88,10,22.4,8.2,57.07,Medium
V029,Nimbus Industries,4,78,2.52,82,9.3,4.72,2.24,5,17.5,9.5,63.95,Medium
V029,Nimbus Industries,5,95,4.42,95,8.0,5.32,0.59,10,44.7,8.8,63.92,Medium
V029,Nimbus Industries,6,73,3.28,100,6.6,4.17,2.06,7,28.4,9.2,55.11,Medium
V029,Nimbus Industries,7,72,2.99,78,7.2,1.28,2.34,1,31.4,7.7,56.52,Medium
V029,Nimbus Industries,8,97,1.33,85,7.8,5.04,2.77,9,15.1,9.0,65.63,Medium
V029,Nimbus Industries,9,78,0.64,83,8.4,5.36,2.56,3,38.6,6.2,55.03,Medium
V029,Nimbus Industries,10,92,1.78,76,6.5,4.16,4.35,10,16.3,9.1,61.54,Medium
V029,Nimbus Industries,11,89,3.16,92,9.5,2.38,2.8,9,27.0,8.6,68.48,Medium
V029,Nimbus Industries,12,89,2.4,87,7.7,5.74,4.14,4,15.4,6.8,57.46,Medium
V029,Nimbus Industries,13,90,3.83,85,7.8,5.3,3.1,0,43.5,6.7,58.14,Medium
V029,Nimbus Industries,14,90,5.27,93,6.2,2.45,3.38,4,33.7,7.4,57.83,Medium
V029,Nimbus Industries,15,72,2.32,89,7.9,5.49,4.29,2,48.0,9.3,57.38,Medium
V029,Nimbus Industries,16,93,5.52,83,6.0,1.84,2.83,10,8.9,9.5,62.83,Medium
V029,Nimbus Industries,17,94,2.0,97,6.3,5.94,4.87,10,43.6,6.7,55.11,Medium
V029,Nimbus Industries,18,81,4.17,76,6.4,5.03,0.76,1,37.2,7.3,52.83,Low
V029,Nimbus Industries,19,70,2.46,79,7.0,2.58,3.43,6,44.0,8.9,56.31,Medium
V029,Nimbus Industries,20,84,5.84,94,7.8,2.7,2.04,7,21.0,8.1,60.59,Medium
V029,Nimbus Industries,21,97,3.16,97,8.7,0.88,1.03,8,24.5,6.3,66.23,Medium
V029,Nimbus Industries,22,77,3.11,99,6.1,5.48,3.69,2,39.0,8.9,53.64,Low
V029,Nimbus Industries,23,95,3.53,98,6.6,2.1,0.97,1,21.8,8.6,63.92,Medium
V029,Nimbus Industries,24,72,3.99,78,6.3,2.45,4.64,1,13.2,6.3,50.05,Low
V030,Beta Enterprises,1,95,0.91,84,9.1,2.49,3.33,6,23.8,6.0,64.98,Medium
V030,Beta Enterprises,2,71,5.55,88,8.7,3.51,2.02,1,6.2,9.5,60.65,Medium
V030,Beta Enterprises,3,89,2.1,76,8.2,2.86,4.46,8,22.7,6.9,61.67,Medium
V030,Beta Enterprises,4,74,4.23,81,7.7,2.98,2.63,2,32.9,7.3,55.61,Medium
V030,Beta Enterprises,5,75,1.74,82,7.9,1.68,2.88,4,38.6,7.9,59.48,Medium
V030,Beta Enterprises,6,80,3.45,90,7.9,5.05,4.48,2,23.3,7.9,57.54,Medium
V030,Beta Enterprises,7,78,5.85,75,6.9,5.05,1.91,9,37.4,6.7,50.99,Low
V030,Beta Enterprises,8,96,5.72,76,7.8,3.9,1.69,9,5.5,6.8,60.92,Medium
V030,Beta Enterprises,9,91,4.42,91,8.0,4.62,2.16,4,23.2,6.7,59.33,Medium
V030,Beta Enterprises,10,82,0.73,82,6.7,3.49,4.11,10,36.9,8.5,58.28,Medium
V030,Beta Enterprises,11,71,3.71,98,7.4,5.72,3.5,10,12.3,7.9,52.0,Low
V030,Beta Enterprises,12,92,4.11,88,7.4,4.21,0.74,4,42.2,8.4,62.06,Medium
V030,Beta Enterprises,13,90,5.02,83,7.9,1.09,4.2,5,35.1,9.0,66.66,Medium
V030,Beta Enterprises,14,81,4.23,75,8.5,0.82,1.03,1,27.8,6.5,60.67,Medium
V030,Beta Enterprises,15,97,5.99,93,6.3,5.19,1.22,1,17.5,8.4,59.76,Medium
V030,Beta Enterprises,16,95,2.99,77,8.4,3.41,0.65,2,3.6,6.4,62.79,Medium
V030,Beta Enterprises,17,92,5.18,80,9.0,0.8,0.79,9,47.8,8.8,69.75,Medium
V030,Beta Enterprises,18,90,2.43,84,8.9,5.66,4.76,7,37.9,8.1,63.33,Medium
V030,Beta Enterprises,19,90,1.73,79,6.6,3.36,4.79,3,24.0,7.8,59.66,Medium
V030,Beta Enterprises,20,94,2.31,85,7.1,3.78,0.97,1,18.8,9.3,64.84,Medium
V030,Beta Enterprises,21,96,5.34,96,6.1,5.3,2.79,10,18.5,8.6,58.91,Medium
V030,Beta Enterprises,22,70,1.39,93,7.7,2.16,4.43,1,34.5,7.4,55.99,Medium
V030,Beta Enterprises,23,86,3.04,99,6.1,2.47,4.07,9,31.2,8.6,58.87,Medium
V030,Beta Enterprises,24,95,0.96,92,6.4,2.15,1.92,10,29.2,9.0,64.36,Medium
V031,Apex Enterprises,1,97,3.88,86,6.8,5.81,1.06,5,46.1,8.8,61.52,Medium
V031,Apex Enterprises,2,77,1.08,83,6.7,2.27,2.44,7,48.0,6.2,53.21,Low
V031,Apex Enterprises,3,77,2.82,96,8.5,5.42,0.64,7,17.9,6.5,54.73,Low
V031,Apex Enterprises,4,80,2.37,80,9.5,1.73,4.7,3,19.6,8.3,65.88,Medium
V031,Apex Enterprises,5,79,4.77,92,8.3,4.1,1.36,1,28.2,8.6,60.26,Medium
V031,Apex Enterprises,6,82,5.2,84,8.9,5.93,2.4,7,33.3,6.1,55.57,Medium
V031,Apex Enterprises,7,88,2.74,81,8.7,2.18,4.03,10,30.8,9.2,67.58,Medium
V031,Apex Enterprises,8,80,4.12,90,8.6,1.71,4.74,5,35.2,8.8,64.11,Medium
V031,Apex Enterprises,9,88,4.1,81,8.2,1.51,1.38,9,29.3,6.8,61.92,Medium
V031,Apex Enterprises,10,85,4.51,82,7.9,4.76,0.74,5,4.7,8.4,60.16,Medium
V031,Apex Enterprises,11,89,0.65,85,8.5,3.49,2.88,6,14.1,6.4,61.25,Medium
V031,Apex Enterprises,12,82,5.86,89,6.1,2.16,3.76,8,13.2,8.8,57.52,Medium
V031,Apex Enterprises,13,88,1.54,77,6.8,2.79,3.32,5,25.0,6.2,56.78,Medium
V031,Apex Enterprises,14,75,4.43,95,8.3,5.94,4.1,1,17.1,7.0,53.9,Low
V031,Apex Enterprises,15,73,1.08,88,7.1,0.73,0.54,8,40.2,9.5,60.9,Medium
V031,Apex Enterprises,16,82,2.44,92,8.3,0.57,1.19,1,2.7,6.8,61.82,Medium
V031,Apex Enterprises,17,82,5.6,81,8.2,3.18,1.35,1,12.1,8.3,61.17,Medium
V031,Apex Enterprises,18,71,3.11,90,6.8,4.25,4.36,10,47.2,8.9,54.12,Low
V031,Apex Enterprises,19,74,1.18,93,9.1,4.31,4.9,1,23.1,8.1,60.19,Medium
V031,Apex Enterprises,20,78,4.14,86,6.1,0.58,1.76,9,28.3,7.0,54.48,Low
V031,Apex Enterprises,21,87,1.13,83,9.2,5.72,4.69,5,38.3,8.5,64.2,Medium
V031,Apex Enterprises,22,83,5.61,89,8.2,4.38,3.17,10,11.5,8.3,59.87,Medium
V031,Apex Enterprises,23,88,1.97,88,6.9,0.87,4.56,8,27.3,6.4,59.09,Medium
V031,Apex Enterprises,24,87,0.73,89,7.9,1.54,2.02,5,20.4,7.9,64.03,Medium
V032,Nova Traders,1,72,4.46,90,9.3,1.84,2.83,2,12.3,9.4,64.2,Medium
V032,Nova Traders,2,97,3.58,86,7.7,0.81,2.21,6,43.3,6.4,64.0,Medium
V032,Nova Traders,3,84,4.39,89,6.9,1.78,3.51,5,27.7,9.1,61.72,Medium
V032,Nova Traders,4,96,4.36,87,6.7,4.15,1.38,7,43.0,9.1,62.96,Medium
V032,Nova Traders,5,75,1.87,75,6.2,2.5,2.38,3,22.4,7.8,54.23,Low
V032,Nova Traders,6,97,4.73,89,7.6,0.55,2.1,1,29.1,7.8,66.77,Medium
V032,Nova Traders,7,89,1.09,83,6.9,5.31,1.12,2,32.6,8.3,59.32,Medium
V032,Nova Traders,8,74,4.67,92,6.0,3.88,2.07,6,22.2,6.9,49.35,Low
V032,Nova Traders,9,84,3.81,76,7.8,5.0,0.5,9,39.6,8.3,59.1,Medium
V032,Nova Traders,10,98,1.74,99,9.5,3.8,1.44,10,32.3,8.3,69.92,Medium
V032,Nova Traders,11,93,1.08,96,7.6,2.56,2.04,9,32.7,8.6,65.47,Medium
V032,Nova Traders,12,95,5.46,78,9.3,4.69,4.94,6,42.7,6.2,62.55,Medium
V032,Nova Traders,13,74,4.72,94,9.1,5.24,2.19,7,30.3,7.1,56.08,Medium
V032,Nova Traders,14,75,1.89,80,7.5,3.49,1.59,9,24.5,9.2,58.99,Medium
V032,Nova Traders,15,97,2.16,80,8.5,2.26,4.16,6,24.0,7.6,67.3,Medium
V032,Nova Traders,16,82,3.16,99,7.2,1.08,4.78,5,47.7,6.6,57.78,Medium
V032,Nova Traders,17,83,4.92,96,8.1,4.13,1.52,9,41.1,7.7,58.89,Medium
V032,Nova Traders,18,78,5.34,77,6.9,3.45,3.79,7,36.6,8.9,57.21,Medium
V032,Nova Traders,19,76,3.39,86,8.1,4.3,1.05,6,7.1,6.6,54.6,Low
V032,Nova Traders,20,90,4.72,81,7.4,2.59,4.84,9,39.8,8.3,62.38,Medium
V032,Nova Traders,21,94,2.5,92,8.5,5.99,2.0,8,34.7,7.2,61.53,Medium
V032,Nova Traders,22,98,1.34,78,6.5,4.87,4.43,5,45.3,8.5,62.09,Medium
V032,Nova Traders,23,77,4.46,89,6.9,5.88,3.66,6,5.9,8.2,53.3,Low
V032,Nova Traders,24,98,4.01,83,7.5,4.55,2.84,10,12.3,9.2,65.4,Medium
V033,Gamma Industries,1,70,5.01,100,9.0,2.06,0.59,9,3.4,7.5,58.24,Medium
V033,Gamma Industries,2,73,1.76,99,8.5,3.79,1.77,3,7.3,8.4,59.22,Medium
V033,Gamma Industries,3,85,1.45,99,8.5,5.78,3.34,10,41.4,8.6,61.56,Medium
V033,Gamma Industries,4,70,3.46,96,6.4,2.73,4.08,2,16.0,7.8,52.41,Low
V033,Gamma Industries,5,84,5.48,92,6.9,2.77,3.1,0,33.3,6.4,55.31,Medium
V033,Gamma Industries,6,70,3.34,99,7.5,4.07,3.38,9,2.5,8.6,55.09,Medium
V033,Gamma Industries,7,70,0.75,83,6.9,4.36,3.08,5,40.6,6.7,50.35,Low
V033,Gamma Industries,8,77,4.43,81,7.2,0.88,0.87,1,38.8,9.2,61.31,Medium
V033,Gamma Industries,9,95,3.94,95,6.3,4.03,0.76,0,30.8,8.7,61.39,Medium
V033,Gamma Industries,10,89,1.11,80,8.0,1.5,0.79,0,23.3,7.3,63.97,Medium
V033,Gamma Industries,11,95,1.84,96,8.6,2.91,0.7,8,42.4,9.0,68.98,Medium
V033,Gamma Industries,12,93,1.97,79,7.3,3.44,1.84,4,35.4,8.9,64.47,Medium
V033,Gamma Industries,13,90,4.74,78,8.4,3.65,1.92,6,31.2,7.2,61.77,Medium
V033,Gamma Industries,14,96,4.37,87,6.1,4.16,1.37,5,15.7,6.1,55.55,Medium
V033,Gamma Industries,15,85,1.97,97,6.9,4.15,4.41,8,19.7,9.0,59.96,Medium
V033,Gamma Industries,16,80,3.58,80,6.2,4.58,2.81,8,8.6,7.2,52.03,Low
V033,Gamma Industries,17,79,1.85,76,8.7,5.53,4.17,4,23.1,7.1,57.41,Medium
V033,Gamma Industries,18,82,4.21,94,6.2,3.47,3.44,1,41.8,8.3,56.23,Medium
V033,Gamma Industries,19,77,1.95,84,6.2,1.93,0.9,0,22.9,9.1,58.23,Medium
V033,Gamma Industries,20,95,5.22,97,6.1,3.13,3.33,8,14.8,8.5,60.66,Medium
V033,Gamma Industries,21,73,3.17,97,6.5,3.25,4.72,7,11.7,7.6,52.61,Low
V033,Gamma Industries,22,88,4.18,88,9.3,2.01,4.89,3,19.7,7.3,65.44,Medium
V033,Gamma Industries,23,94,2.56,92,6.7,3.4,4.84,8,12.2,8.1,61.41,Medium
V033,Gamma Industries,24,72,4.06,80,7.1,4.74,1.06,4,28.0,8.9,54.8,Low
V034,Aurora Services,1,91,4.53,97,7.1,0.89,0.95,6,17.1,7.6,62.48,Medium
V034,Aurora Services,2,90,0.56,84,7.9,2.89,2.69,8,4.7,7.0,61.82,Medium
V034,Aurora Services,3,83,2.7,79,8.3,4.75,1.49,3,12.1,7.3,58.82,Medium
V034,Aurora Services,4,84,1.36,75,9.1,2.71,3.96,1,21.4,6.7,62.45,Medium
V034,Aurora Services,5,71,4.77,77,7.2,3.02,1.02,0,47.5,7.6,53.84,Low
V034,Aurora Services,6,73,5.64,80,8.7,3.77,2.5,0,17.9,7.8,57.72,Medium
V034,Aurora Services,7,90,4.28,86,6.5,3.95,4.39,4,46.9,6.8,56.13,Medium
V034,Aurora Services,8,73,4.13,99,7.6,1.3,3.93,7,16.2,7.8,57.47,Medium
V034,Aurora Services,9,98,5.5,81,6.9,2.22,1.01,6,40.7,7.9,63.45,Medium
V034,Aurora Services,10,72,5.39,82,9.1,2.55,2.67,0,32.2,6.7,57.45,Medium
V034,Aurora Services,11,82,2.14,92,8.2,5.43,3.06,9,27.7,6.3,55.39,Medium
V034,Aurora Services,12,88,2.94,93,8.7,5.59,4.2,1,2.1,6.4,58.97,Medium
V034,Aurora Services,13,80,3.05,90,8.0,1.04,3.19,10,12.2,9.2,64.1,Medium
V034,Aurora Services,14,92,3.43,93,8.6,2.07,4.14,0,22.4,6.7,64.17,Medium
V034,Aurora Services,15,98,3.77,93,6.8,2.15,0.77,0,20.8,8.0,64.21,Medium
V034,Aurora Services,16,78,3.17,77,6.3,2.75,3.28,9,17.1,6.1,51.26,Low
V034,Aurora Services,17,87,4.73,96,7.2,4.56,2.78,1,19.2,8.3,59.26,Medium
V034,Aurora Services,18,73,5.63,80,9.2,3.48,2.06,2,25.8,8.5,60.56,Medium
V034,Aurora Services,19,91,3.11,81,6.9,2.39,3.04,5,40.9,6.4,58.48,Medium
V034,Aurora Services,20,80,5.61,87,9.4,5.66,0.56,2,29.2,8.2,60.74,Medium
V034,Aurora Services,21,74,1.3,84,6.5,5.09,0.77,6,37.0,6.7,49.83,Low
V034,Aurora Services,22,70,3.65,100,6.3,5.27,2.77,9,4.8,9.2,52.02,Low
V034,Aurora Services,23,98,2.8,100,7.1,5.19,3.65,8,37.7,8.6,62.96,Medium
V034,Aurora Services,24,94,3.84,91,7.0,4.63,0.84,0,35.4,8.5,61.81,Medium
V035,Omega Corporation,1,96,5.07,78,6.5,4.69,3.1,9,30.8,6.1,55.64,Medium
V035,Omega Corporation,2,75,1.36,83,9.5,3.6,4.04,8,36.0,8.4,62.46,Medium
V035,Omega Corporation,3,84,4.7,94,9.1,2.27,3.5,0,20.1,8.2,65.11,Medium
V035,Omega Corporation,4,98,2.36,100,9.5,0.97,2.25,1,26.8,8.8,74.04,Medium
V035,Omega Corporation,5,83,5.58,78,8.1,1.2,1.83,6,18.1,6.8,60.0,Medium
V035,Omega Corporation,6,81,1.03,98,6.9,3.65,3.8,5,8.3,7.8,57.04,Medium
V035,Omega Corporation,7,83,2.1,99,8.7,0.68,2.0,4,11.9,6.3,61.99,Medium
V035,Omega Corporation,8,98,1.82,78,6.9,2.89,0.82,9,16.9,7.5,62.75,Medium
V035,Omega Corporation,9,82,5.87,77,7.4,4.41,3.17,0,23.9,7.7,56.72,Medium
V035,Omega Corporation,10,97,2.36,90,6.9,5.69,4.86,1,26.0,8.3,61.47,Medium
V035,Omega Corporation,11,88,2.9,86,6.6,4.57,4.83,0,20.0,7.4,56.8,Medium
V035,Omega Corporation,12,91,2.22,98,7.2,3.08,4.74,5,33.5,9.1,64.16,Medium
V035,Omega Corporation,13,89,4.37,94,7.1,5.45,3.82,10,46.1,8.6,59.06,Medium
V035,Omega Corporation,14,93,2.03,99,7.0,5.69,1.1,8,46.6,7.6,58.65,Medium
V035,Omega Corporation,15,92,0.58,87,7.8,2.89,2.25,6,37.2,6.7,61.76,Medium
V035,Omega Corporation,16,86,1.71,76,9.0,4.37,1.48,0,23.6,7.7,63.2,Medium
V035,Omega Corporation,17,78,3.0,75,8.8,0.64,3.86,4,18.0,7.6,62.91,Medium
V035,Omega Corporation,18,72,5.72,78,9.0,4.93,2.57,10,47.8,6.4,53.64,Low
V035,Omega Corporation,19,91,4.52,85,6.3,5.06,4.46,4,32.1,9.1,59.41,Medium
V035,Omega Corporation,20,81,2.3,75,7.1,5.45,3.53,3,44.2,7.2,54.32,Low
V035,Omega Corporation,21,72,3.39,81,8.9,5.24,3.3,2,30.1,8.3,57.86,Medium
V035,Omega Corporation,22,90,5.59,100,6.3,3.74,3.99,4,28.2,8.7,59.31,Medium
V035,Omega Corporation,23,74,4.86,95,7.3,5.64,2.85,0,29.7,7.7,52.69,Low
V035,Omega Corporation,24,72,0.82,90,7.3,1.46,2.39,0,15.4,6.9,55.59,Medium
V036,Alpha Logistics,1,73,4.39,99,7.2,1.76,1.44,8,32.7,8.3,56.89,Medium
V036,Alpha Logistics,2,97,1.46,75,9.0,4.39,2.62,1,4.5,9.0,69.64,Medium
V036,Alpha Logistics,3,84,4.58,79,8.5,1.9,3.76,2,21.8,7.0,61.51,Medium
V036,Alpha Logistics,4,77,0.53,82,7.2,1.23,4.99,0,37.7,8.1,59.79,Medium
V036,Alpha Logistics,5,74,5.94,76,6.6,4.44,2.1,6,38.9,8.4,52.98,Low
V036,Alpha Logistics,6,80,3.83,86,7.6,5.95,2.77,1,21.6,9.2,58.44,Medium
V036,Alpha Logistics,7,91,1.26,85,8.3,4.4,1.01,1,32.9,8.3,64.43,Medium
V036,Alpha Logistics,8,86,3.48,98,8.4,5.8,3.38,2,2.2,9.0,62.33,Medium
V036,Alpha Logistics,9,93,4.15,97,7.6,0.55,2.84,4,42.8,9.5,68.76,Medium
V036,Alpha Logistics,10,82,2.1,100,8.4,2.25,2.27,0,28.9,7.2,61.33,Medium
V036,Alpha Logistics,11,95,2.35,83,9.2,2.22,1.39,10,30.7,6.2,65.34,Medium
V036,Alpha Logistics,12,86,0.97,99,6.7,5.99,2.78,8,39.7,6.6,53.42,Low
V036,Alpha Logistics,13,95,2.62,94,8.8,1.83,5.0,3,34.7,6.3,65.21,Medium
V036,Alpha Logistics,14,89,4.81,84,9.1,4.56,4.25,6,44.8,8.8,65.44,Medium
V036,Alpha Logistics,15,73,0.82,76,7.2,2.62,1.05,3,12.3,7.7,55.98,Medium
V036,Alpha Logistics,16,91,3.41,85,6.8,1.43,1.25,2,26.5,9.1,64.67,Medium
V036,Alpha Logistics,17,86,4.44,78,6.9,3.83,1.88,8,6.4,7.8,57.61,Medium
V036,Alpha Logistics,18,87,5.4,95,6.0,5.9,3.9,3,25.1,8.0,54.05,Low
V036,Alpha Logistics,19,79,4.5,88,8.4,1.08,1.95,9,18.3,6.4,58.8,Medium
V036,Alpha Logistics,20,74,5.2,81,7.4,4.22,1.13,6,16.3,7.2,52.98,Low
V036,Alpha Logistics,21,74,1.51,93,7.6,2.2,4.96,9,8.3,8.7,59.27,Medium
V036,Alpha Logistics,22,78,4.21,80,8.4,1.85,1.39,3,17.8,7.1,59.45,Medium
V036,Alpha Logistics,23,74,2.5,80,6.1,1.51,2.06,1,16.9,9.4,57.77,Medium
V036,Alpha Logistics,24,70,1.83,80,7.3,2.89,2.45,10,9.6,6.5,51.9,Low
V037,Nova Manufacturing,1,92,1.0,83,7.4,4.0,2.75,8,27.2,6.0,58.05,Medium
V037,Nova Manufacturing,2,74,5.52,86,8.4,2.65,3.14,3,23.1,6.4,55.52,Medium
V037,Nova Manufacturing,3,95,2.45,84,6.3,1.27,2.46,4,29.1,8.1,63.12,Medium
V037,Nova Manufacturing,4,70,1.85,86,6.2,5.4,1.99,9,31.1,8.3,50.29,Low
V037,Nova Manufacturing,5,91,1.39,85,8.9,2.44,4.06,4,2.2,7.3,65.71,Medium
V037,Nova Manufacturing,6,78,2.39,100,8.8,5.25,3.12,5,34.7,6.3,55.8,Medium
V037,Nova Manufacturing,7,84,5.91,92,7.6,3.51,2.81,3,38.6,6.8,56.86,Medium
V037,Nova Manufacturing,8,98,4.98,95,8.0,3.81,3.71,5,12.1,7.0,62.99,Medium
V037,Nova Manufacturing,9,75,5.32,81,8.2,4.26,3.7,0,30.5,6.0,53.16,Low
V037,Nova Manufacturing,10,90,5.54,90,8.3,5.46,3.93,7,21.5,6.8,58.65,Medium
V037,Nova Manufacturing,11,90,2.16,89,7.5,1.49,1.2,4,15.0,7.5,63.02,Medium
V037,Nova Manufacturing,12,78,5.18,90,7.3,5.23,3.16,2,12.4,9.1,57.12,Medium
V037,Nova Manufacturing,13,87,5.03,90,7.6,5.43,4.14,0,34.4,9.2,61.16,Medium
V037,Nova Manufacturing,14,82,2.23,76,6.9,1.79,4.01,0,46.7,7.4,58.4,Medium
V037,Nova Manufacturing,15,80,2.42,93,6.6,5.31,3.69,6,22.4,8.9,56.09,Medium
V037,Nova Manufacturing,16,89,4.32,94,8.0,2.62,1.55,0,3.3,8.2,63.85,Medium
V037,Nova Manufacturing,17,78,3.78,90,6.4,4.26,4.49,9,22.9,8.0,53.64,Low
V037,Nova Manufacturing,18,88,1.48,85,6.4,3.33,3.0,4,27.2,8.1,59.1,Medium
V037,Nova Manufacturing,19,89,3.9,94,6.6,2.39,2.41,6,41.0,8.9,61.79,Medium
V037,Nova Manufacturing,20,86,3.07,91,7.9,3.41,3.58,7,12.7,8.3,61.92,Medium
V037,Nova Manufacturing,21,87,2.48,75,8.5,3.68,3.88,8,29.4,6.8,60.6,Medium
V037,Nova Manufacturing,22,75,4.71,86,6.5,4.09,3.1,0,43.6,9.4,56.03,Medium
V037,Nova Manufacturing,23,95,4.67,98,8.0,2.7,2.28,7,47.1,8.9,66.83,Medium
V037,Nova Manufacturing,24,96,1.3,75,7.4,5.61,1.09,1,42.0,6.7,59.52,Medium
V038,Titan Manufacturing,1,86,3.67,88,8.9,1.82,1.1,10,13.9,6.9,62.91,Medium
V038,Titan Manufacturing,2,74,2.6,87,7.9,4.42,4.84,10,9.2,8.4,56.88,Medium
V038,Titan Manufacturing,3,76,5.67,99,8.7,4.94,3.58,3,6.0,9.0,59.84,Medium
V038,Titan Manufacturing,4,75,3.93,82,8.7,1.56,4.15,9,46.4,9.4,63.81,Medium
V038,Titan Manufacturing,5,72,2.85,82,6.7,3.5,1.99,9,31.0,7.1,51.49,Low
V038,Titan Manufacturing,6,98,3.22,79,8.8,1.41,3.94,6,40.6,8.9,71.58,Medium
V038,Titan Manufacturing,7,90,5.83,83,6.9,3.27,0.92,2,34.2,6.2,56.32,Medium
V038,Titan Manufacturing,8,70,4.11,85,7.2,3.93,0.93,8,26.5,6.1,49.34,Low
V038,Titan Manufacturing,9,77,5.36,76,7.7,1.99,3.71,7,40.5,6.1,54.72,Low
V038,Titan Manufacturing,10,76,5.98,90,7.0,5.08,3.18,1,15.4,9.1,55.68,Medium
V038,Titan Manufacturing,11,74,4.6,75,7.8,0.78,1.08,4,14.0,9.0,61.27,Medium
V038,Titan Manufacturing,12,96,4.57,87,8.3,2.48,1.19,10,43.2,6.9,64.03,Medium
V038,Titan Manufacturing,13,76,2.7,100,6.3,4.61,3.01,10,30.7,8.0,52.56,Low
V038,Titan Manufacturing,14,77,5.51,86,9.4,2.09,4.56,3,10.2,9.3,65.43,Medium
V038,Titan Manufacturing,15,97,5.27,98,8.2,3.84,0.82,4,18.5,7.9,64.89,Medium
V038,Titan Manufacturing,16,86,3.41,75,8.8,0.53,4.1,8,11.6,7.4,65.12,Medium
V038,Titan Manufacturing,17,95,2.34,81,9.2,4.86,1.66,3,11.4,6.7,64.06,Medium
V038,Titan Manufacturing,18,72,4.48,95,6.9,4.42,1.25,1,30.5,8.2,53.26,Low
V038,Titan Manufacturing,19,79,2.21,84,6.0,1.03,2.24,4,21.7,8.2,57.27,Medium
V038,Titan Manufacturing,20,96,4.58,76,6.4,0.6,4.97,3,5.8,8.4,64.5,Medium
V038,Titan Manufacturing,21,79,5.84,88,9.4,2.79,2.55,9,28.3,6.5,59.45,Medium
V038,Titan Manufacturing,22,91,1.36,85,8.1,3.58,2.77,10,40.7,7.7,63.08,Medium
V038,Titan Manufacturing,23,72,3.63,97,8.5,4.05,1.9,2,13.0,6.2,53.79,Low
V038,Titan Manufacturing,24,78,4.11,97,9.0,3.7,4.46,10,2.5,9.1,62.77,Medium
V039,Orion Logistics,1,87,5.87,92,7.4,5.14,3.72,9,22.2,7.2,56.29,Medium
V039,Orion Logistics,2,84,2.4,80,6.5,4.09,1.63,9,29.2,7.0,54.51,Low
V039,Orion Logistics,3,81,2.62,76,8.3,5.86,4.46,2,24.8,8.2,58.88,Medium
V039,Orion Logistics,4,97,3.56,80,7.6,4.48,2.26,9,41.8,6.2,59.53,Medium
V039,Orion Logistics,5,85,4.37,82,8.2,5.93,3.47,1,5.2,6.7,56.58,Medium
V039,Orion Logistics,6,97,0.69,94,7.9,1.69,3.47,3,10.4,6.5,64.69,Medium
V039,Orion Logistics,7,88,4.15,93,8.7,2.66,2.57,3,33.9,6.1,60.9,Medium
V039,Orion Logistics,8,88,5.84,98,8.7,5.4,3.72,8,28.9,9.2,63.69,Medium
V039,Orion Logistics,9,83,5.56,93,8.8,3.38,1.47,3,45.7,9.1,64.33,Medium
V039,Orion Logistics,10,96,5.68,90,6.1,2.99,4.64,3,22.4,6.0,56.29,Medium
V039,Orion Logistics,11,97,4.46,91,6.3,4.37,1.81,5,30.7,7.7,59.36,Medium
V039,Orion Logistics,12,81,3.4,81,8.2,2.57,1.83,8,2.8,9.1,63.23,Medium
V039,Orion Logistics,13,72,4.59,81,6.4,4.97,3.56,7,46.9,6.4,47.53,Low
V039,Orion Logistics,14,86,5.7,95,7.2,5.97,4.31,3,18.1,8.2,56.96,Medium
V039,Orion Logistics,15,97,2.96,97,8.8,0.88,4.29,5,29.4,7.2,68.48,Medium
V039,Orion Logistics,16,79,5.44,81,8.2,3.58,1.56,9,19.6,6.3,55.36,Medium
V039,Orion Logistics,17,79,1.29,87,7.4,2.93,0.66,9,13.9,6.0,54.45,Low
V039,Orion Logistics,18,72,0.94,83,7.8,2.52,2.03,7,18.9,9.5,60.59,Medium
V039,Orion Logistics,19,73,4.76,98,8.3,3.86,1.72,9,26.6,7.6,56.0,Medium
V039,Orion Logistics,20,77,2.99,92,8.6,1.81,2.56,7,7.3,8.5,62.54,Medium
V039,Orion Logistics,21,98,4.25,94,7.3,3.79,1.12,9,9.8,6.4,60.05,Medium
V039,Orion Logistics,22,85,1.76,85,7.7,5.38,1.63,10,2.0,8.7,60.08,Medium
V039,Orion Logistics,23,70,3.72,95,9.5,2.46,3.79,6,8.3,6.6,57.76,Medium
V039,Orion Logistics,24,98,4.21,84,6.2,0.91,4.3,2,11.0,9.1,65.94,Medium
V040,Nimbus Traders,1,83,4.82,81,6.6,4.56,3.3,10,18.9,7.1,53.48,Low
V040,Nimbus Traders,2,95,3.2,86,8.7,4.98,1.99,0,8.3,7.3,63.82,Medium
V040,Nimbus Traders,3,77,3.32,77,8.2,3.81,4.19,10,6.1,7.0,56.31,Medium
V040,Nimbus Traders,4,87,4.34,98,6.8,1.17,1.55,0,44.6,7.8,60.8,Medium
V040,Nimbus Traders,5,70,3.97,81,6.4,2.68,2.9,5,11.5,9.2,54.98,Low
V040,Nimbus Traders,6,90,0.74,95,8.8,4.57,2.8,2,20.2,9.1,66.84,Medium
V040,Nimbus Traders,7,93,4.9,89,7.2,4.65,2.32,1,25.1,6.0,56.62,Medium
V040,Nimbus Traders,8,71,3.5,82,7.5,1.85,3.43,3,34.6,6.2,53.12,Low
V040,Nimbus Traders,9,77,5.39,87,8.7,2.24,3.57,6,27.4,6.9,58.61,Medium
V040,Nimbus Traders,10,82,3.3,80,6.6,1.44,2.81,9,47.4,8.4,59.28,Medium
V040,Nimbus Traders,11,82,1.05,89,9.3,5.72,3.14,8,44.8,7.6,60.77,Medium
V040,Nimbus Traders,12,83,1.6,100,9.1,4.13,3.64,5,45.6,6.5,60.02,Medium
V040,Nimbus Traders,13,73,1.44,79,6.4,4.66,4.04,7,38.4,8.2,52.58,Low
V040,Nimbus Traders,14,84,0.97,90,8.5,2.42,1.76,3,42.3,6.4,60.64,Medium
V040,Nimbus Traders,15,73,2.61,77,6.8,4.07,0.9,10,8.4,7.3,51.93,Low
V040,Nimbus Traders,16,98,3.24,90,8.9,3.73,3.6,7,7.3,6.8,65.26,Medium
V040,Nimbus Traders,17,88,4.25,76,6.6,4.17,3.91,10,31.7,8.8,59.17,Medium
V040,Nimbus Traders,18,86,1.17,88,9.5,2.63,1.22,10,14.4,6.1,62.63,Medium
V040,Nimbus Traders,19,87,5.87,100,6.5,2.12,3.75,6,16.0,7.3,57.41,Medium
V040,Nimbus Traders,20,87,3.07,84,7.1,0.58,2.61,7,45.1,7.6,61.7,Medium
V040,Nimbus Traders,21,83,4.86,80,8.5,3.27,4.7,0,25.4,7.8,61.41,Medium
V040,Nimbus Traders,22,91,4.61,77,9.1,5.37,1.24,8,43.7,9.3,66.28,Medium
V040,Nimbus Traders,23,76,1.43,90,8.5,3.37,1.38,5,27.1,8.8,61.47,Medium
V040,Nimbus Traders,24,86,2.03,78,8.5,3.14,1.15,4,45.7,7.5,62.5,Medium
V041,Atlas Enterprises,1,84,2.97,76,6.2,1.72,1.22,9,11.6,6.2,54.39,Low
V041,Atlas Enterprises,2,89,4.63,80,8.0,3.01,4.43,0,2.0,7.8,62.58,Medium
V041,Atlas Enterprises,3,93,1.17,97,6.2,5.35,2.09,7,19.7,8.9,59.86,Medium
V041,Atlas Enterprises,4,70,4.47,97,6.2,1.81,0.79,5,33.7,6.7,50.22,Low
V041,Atlas Enterprises,5,72,1.34,84,6.9,1.89,1.76,8,24.1,8.5,56.83,Medium
V041,Atlas Enterprises,6,85,3.8,86,6.6,0.92,4.36,8,5.0,8.0,59.98,Medium
V041,Atlas Enterprises,7,77,0.97,99,9.5,0.78,4.25,5,15.9,6.5,62.43,Medium
V041,Atlas Enterprises,8,79,4.27,75,8.0,0.63,4.85,5,31.9,7.1,59.9,Medium
V041,Atlas Enterprises,9,78,1.31,86,6.8,0.95,1.62,7,24.5,6.4,55.47,Medium
V041,Atlas Enterprises,10,78,1.63,83,7.5,2.52,2.8,7,13.9,8.8,60.37,Medium
V041,Atlas Enterprises,11,86,2.56,79,6.9,1.4,1.94,2,11.4,7.4,60.01,Medium
V041,Atlas Enterprises,12,73,0.92,96,6.4,2.37,3.46,7,18.0,9.0,56.6,Medium
V041,Atlas Enterprises,13,70,2.52,92,6.7,5.64,1.69,10,34.3,7.3,49.08,Low
V041,Atlas Enterprises,14,97,3.83,88,6.2,1.04,3.63,5,2.3,8.8,64.8,Medium
V041,Atlas Enterprises,15,88,1.41,89,7.6,3.76,3.83,10,12.8,8.0,61.19,Medium
V041,Atlas Enterprises,16,84,0.66,99,8.1,4.02,4.7,6,39.5,6.5,58.16,Medium
V041,Atlas Enterprises,17,87,2.76,100,7.6,1.95,4.58,2,41.1,6.6,59.91,Medium
V041,Atlas Enterprises,18,82,1.96,82,6.3,4.58,1.75,3,32.5,6.9,53.03,Low
V041,Atlas Enterprises,19,87,4.19,94,6.9,2.85,1.54,9,11.9,9.4,62.15,Medium
V041,Atlas Enterprises,20,71,0.57,80,8.6,0.91,0.57,2,20.4,6.1,57.4,Medium
V041,Atlas Enterprises,21,91,4.17,95,9.1,3.7,3.46,6,15.2,8.7,66.96,Medium
V041,Atlas Enterprises,22,89,1.36,95,7.6,1.21,2.79,0,17.4,7.8,64.2,Medium
V041,Atlas Enterprises,23,87,2.75,86,7.1,5.62,4.82,5,13.6,6.5,54.64,Low
V041,Atlas Enterprises,24,82,5.45,97,6.6,0.62,2.81,0,21.8,6.3,55.82,Medium
V042,Alpha Solutions,1,95,1.82,92,7.1,1.65,2.42,6,13.2,6.2,61.0,Medium
V042,Alpha Solutions,2,79,5.39,85,7.1,5.17,4.21,2,31.8,6.4,51.58,Low
V042,Alpha Solutions,3,94,5.56,98,8.9,5.21,4.12,3,6.8,6.9,62.2,Medium
V042,Alpha Solutions,4,90,0.64,87,6.9,5.61,1.23,0,41.4,6.1,55.18,Medium
V042,Alpha Solutions,5,95,4.5,77,8.2,5.84,3.92,5,2.7,7.6,61.73,Medium
V042,Alpha Solutions,6,73,4.11,100,6.8,3.02,2.99,10,10.1,8.9,55.8,Medium
V042,Alpha Solutions,7,71,2.62,77,8.4,2.04,0.79,10,29.8,8.0,58.65,Medium
V042,Alpha Solutions,8,79,5.24,99,6.2,3.02,2.6,5,38.3,8.8,56.17,Medium
V042,Alpha Solutions,9,71,1.82,84,8.9,1.38,2.2,7,46.8,7.9,60.71,Medium
V042,Alpha Solutions,10,81,0.96,90,8.1,2.56,4.42,10,25.9,7.1,59.5,Medium
V042,Alpha Solutions,11,76,5.99,81,9.2,4.73,0.92,8,25.6,6.1,55.17,Medium
V042,Alpha Solutions,12,84,3.7,89,8.6,5.03,2.9,2,34.1,6.0,56.84,Medium
V042,Alpha Solutions,13,91,5.79,91,6.5,1.12,1.16,4,46.5,8.1,61.53,Medium
V042,Alpha Solutions,14,92,4.42,96,8.8,0.74,2.15,0,35.0,7.5,67.35,Medium
V042,Alpha Solutions,15,98,0.84,95,8.7,1.82,2.96,2,40.1,7.8,69.52,Medium
V042,Alpha Solutions,16,82,2.89,100,7.0,3.08,2.47,1,31.7,6.1,54.55,Low
V042,Alpha Solutions,17,94,3.25,91,7.2,4.32,3.14,0,22.5,7.5,60.77,Medium
V042,Alpha Solutions,18,88,5.05,86,7.1,1.33,2.19,6,22.4,6.4,58.46,Medium
V042,Alpha Solutions,19,86,2.4,97,8.7,3.53,1.46,0,33.8,7.4,62.52,Medium
V042,Alpha Solutions,20,88,2.23,81,7.0,3.25,0.7,3,28.4,8.3,60.94,Medium
V042,Alpha Solutions,21,85,4.32,88,7.6,5.63,2.33,1,44.7,6.9,55.79,Medium
V042,Alpha Solutions,22,93,2.78,88,8.2,3.57,1.51,5,38.2,8.1,64.74,Medium
V042,Alpha Solutions,23,94,3.63,89,6.0,1.98,0.7,3,44.2,8.3,61.46,Medium
V042,Alpha Solutions,24,96,3.63,79,6.9,2.25,4.82,10,3.6,8.6,64.39,Medium
V043,Nova Traders,1,71,2.7,100,7.1,2.94,2.12,7,34.4,9.2,57.03,Medium
V043,Nova Traders,2,86,1.86,79,8.9,1.91,3.08,9,39.5,6.0,61.52,Medium
V043,Nova Traders,3,78,0.81,85,7.2,1.9,4.04,7,36.8,6.7,56.25,Medium
V043,Nova Traders,4,80,0.53,95,8.4,3.58,3.05,1,9.6,7.7,60.64,Medium
V043,Nova Traders,5,84,5.18,97,6.1,0.99,0.92,4,11.4,7.7,57.56,Medium
V043,Nova Traders,6,90,4.84,93,7.3,1.23,4.3,2,44.9,8.5,64.21,Medium
V043,Nova Traders,7,98,1.29,79,8.4,1.47,2.06,7,24.4,9.0,71.16,Medium
V043,Nova Traders,8,85,5.6,76,7.1,0.52,1.49,7,17.4,6.6,58.43,Medium
V043,Nova Traders,9,97,0.97,81,8.1,5.46,4.3,1,24.6,7.8,64.05,Medium
V043,Nova Traders,10,93,5.37,80,8.2,5.27,2.28,4,4.4,8.4,63.04,Medium
V043,Nova Traders,11,95,4.08,92,8.8,1.77,2.33,10,16.6,8.3,68.56,Medium
V043,Nova Traders,12,72,3.01,90,8.1,3.76,0.98,7,19.2,7.5,55.59,Medium
V043,Nova Traders,13,70,5.42,76,8.4,2.35,2.46,6,14.7,8.2,57.9,Medium
V043,Nova Traders,14,77,1.18,91,6.8,5.8,2.6,5,3.2,6.2,50.01,Low
V043,Nova Traders,15,98,2.11,87,8.0,4.03,1.91,7,46.3,6.5,62.39,Medium
V043,Nova Traders,16,79,2.2,93,6.8,5.16,4.77,5,28.3,9.0,56.69,Medium
V043,Nova Traders,17,96,0.6,92,8.5,2.25,1.05,2,2.1,8.8,69.95,Medium
V043,Nova Traders,18,91,1.17,76,8.3,1.84,3.39,0,6.9,7.2,64.87,Medium
V043,Nova Traders,19,95,4.44,98,7.7,5.42,0.53,1,39.2,6.5,58.92,Medium
V043,Nova Traders,20,89,0.67,84,9.4,2.7,3.84,3,2.0,9.0,69.63,Medium
V043,Nova Traders,21,79,4.1,89,6.6,5.7,1.44,7,41.0,8.8,54.67,Low
V043,Nova Traders,22,70,0.64,83,7.1,1.12,4.97,8,17.4,7.9,56.37,Medium
V043,Nova Traders,23,90,5.18,95,6.7,3.14,1.34,6,46.5,8.3,60.11,Medium
V043,Nova Traders,24,82,4.45,79,9.3,4.19,3.71,3,7.7,8.7,63.9,Medium
V044,Apex Traders,1,80,4.38,84,7.3,4.58,2.74,1,16.8,8.0,56.53,Medium
V044,Apex Traders,2,75,1.75,84,7.4,5.57,2.38,5,37.2,6.5,51.49,Low
V044,Apex Traders,3,96,4.55,75,7.0,3.44,1.99,5,43.5,6.5,59.27,Medium
V044,Apex Traders,4,98,2.18,78,8.1,3.85,4.09,10,2.2,8.6,66.86,Medium
V044,Apex Traders,5,97,1.44,79,6.3,4.8,1.62,10,12.4,8.4,60.84,Medium
V044,Apex Traders,6,88,4.79,81,8.4,0.5,1.71,5,11.6,8.9,67.65,Medium
V044,Apex Traders,7,81,4.78,96,9.4,1.59,4.62,3,27.8,7.6,64.11,Medium
V044,Apex Traders,8,71,5.64,90,6.3,2.25,3.18,2,47.0,6.9,50.64,Low
V044,Apex Traders,9,88,2.53,78,9.4,5.03,2.99,1,7.2,8.4,65.39,Medium
V044,Apex Traders,10,75,4.04,75,6.2,0.51,0.55,4,27.8,9.5,59.03,Medium
V044,Apex Traders,11,85,3.88,95,7.4,4.46,2.39,9,22.3,6.6,55.57,Medium
V044,Apex Traders,12,81,2.0,94,8.7,3.25,3.25,5,2.6,6.7,59.5,Medium
V044,Apex Traders,13,70,3.62,91,6.9,4.27,4.88,3,5.9,8.8,54.02,Low
V044,Apex Traders,14,97,1.0,94,7.0,5.54,1.06,2,34.1,9.4,64.36,Medium
V044,Apex Traders,15,76,3.66,99,8.2,2.97,0.56,1,26.9,8.5,60.16,Medium
V044,Apex Traders,16,79,3.85,88,8.2,5.75,3.0,10,13.6,6.5,53.94,Low
V044,Apex Traders,17,72,3.36,89,6.7,1.04,1.08,8,29.5,6.2,52.07,Low
V044,Apex Traders,18,88,1.2,90,8.7,1.66,3.75,9,4.7,9.0,68.14,Medium
V044,Apex Traders,19,74,1.2,80,8.9,4.8,1.66,6,29.4,7.0,56.75,Medium
V044,Apex Traders,20,97,3.2,86,6.1,5.05,2.61,2,16.7,8.7,60.65,Medium
V044,Apex Traders,21,94,2.24,99,7.2,4.34,3.76,0,16.4,7.6,61.2,Medium
V044,Apex Traders,22,93,4.51,86,7.5,1.72,3.41,6,18.6,6.1,60.35,Medium
V044,Apex Traders,23,95,0.62,87,9.1,0.56,0.78,0,9.1,6.1,67.48,Medium
V044,Apex Traders,24,81,3.05,86,6.8,3.16,0.52,8,33.2,6.5,54.03,Low
V045,Omega Industries,1,97,4.67,80,8.4,5.0,1.09,0,42.9,8.5,65.78,Medium
V045,Omega Industries,2,92,5.83,100,6.8,0.6,4.09,2,28.4,7.5,62.04,Medium
V045,Omega Industries,3,73,3.15,92,8.9,2.4,4.1,0,38.5,8.1,60.81,Medium
V045,Omega Industries,4,73,0.63,85,8.9,0.61,3.73,2,39.3,8.0,62.93,Medium
V045,Omega Industries,5,88,5.71,89,7.0,2.83,1.62,7,19.6,7.7,59.09,Medium
V045,Omega Industries,6,79,0.87,76,7.0,0.92,1.54,10,30.0,7.3,58.11,Medium
V045,Omega Industries,7,71,4.44,98,7.2,0.79,2.99,6,42.0,8.2,57.05,Medium
V045,Omega Industries,8,81,2.99,99,6.6,0.96,4.23,6,6.4,8.8,60.44,Medium
V045,Omega Industries,9,75,5.89,92,7.3,1.45,3.45,8,20.5,6.2,53.58,Low
V045,Omega Industries,10,97,2.84,89,6.8,2.77,3.58,4,28.7,8.4,64.07,Medium
V045,Omega Industries,11,92,2.61,84,9.5,0.72,1.71,3,45.2,7.5,69.43,Medium
V045,Omega Industries,12,89,3.65,96,9.2,2.63,4.93,3,25.1,6.1,62.66,Medium
V045,Omega Industries,13,85,2.52,82,7.6,1.89,2.15,8,34.9,8.0,61.83,Medium
V045,Omega Industries,14,70,5.48,100,7.2,3.85,4.28,6,42.8,6.0,48.98,Low
V045,Omega Industries,15,72,0.86,81,8.5,5.19,2.49,8,25.5,8.3,57.25,Medium
V045,Omega Industries,16,74,3.3,78,6.7,5.2,3.77,5,39.0,7.1,50.57,Low
V045,Omega Industries,17,86,2.76,78,6.8,0.73,0.53,2,10.2,6.8,59.18,Medium
V045,Omega Industries,18,84,5.66,91,7.4,2.39,2.2,3,15.8,7.0,57.95,Medium
V045,Omega Industries,19,72,3.89,97,8.5,5.74,2.6,2,28.0,7.1,53.84,Low
V045,Omega Industries,20,85,4.7,86,8.9,2.13,3.81,7,6.8,9.2,66.75,Medium
V045,Omega Industries,21,85,3.28,89,7.2,4.33,2.82,1,14.3,6.5,55.55,Medium
V045,Omega Industries,22,91,2.63,77,7.7,3.79,4.93,0,5.4,8.2,63.05,Medium
V045,Omega Industries,23,76,4.42,99,6.1,0.7,2.33,2,29.4,6.8,53.54,Low
V045,Omega Industries,24,89,2.82,82,6.5,5.56,2.63,0,26.0,6.1,53.33,Low
V046,Alpha Logistics,1,92,2.64,84,9.4,1.4,0.71,9,13.2,8.5,70.19,Medium
V046,Alpha Logistics,2,83,1.06,82,8.5,3.29,1.53,10,30.0,9.2,64.64,Medium
V046,Alpha Logistics,3,89,4.13,91,7.6,5.47,3.23,1,11.7,6.4,56.4,Medium
V046,Alpha Logistics,4,88,0.73,92,6.4,2.7,3.24,9,25.0,8.9,61.27,Medium
V046,Alpha Logistics,5,75,6.0,93,8.4,5.01,0.64,3,37.7,6.3,53.19,Low
V046,Alpha Logistics,6,70,4.31,86,8.1,0.54,1.3,7,32.5,9.3,61.38,Medium
V046,Alpha Logistics,7,86,4.19,92,6.8,2.28,4.87,8,18.4,7.4,58.17,Medium
V046,Alpha Logistics,8,74,5.56,82,7.5,4.89,1.56,10,7.2,6.5,50.87,Low
V046,Alpha Logistics,9,79,3.11,83,9.4,2.5,1.69,4,35.0,6.1,59.87,Medium
V046,Alpha Logistics,10,83,3.93,86,8.2,4.96,3.56,7,33.7,9.3,61.86,Medium
V046,Alpha Logistics,11,90,5.39,78,6.1,5.61,1.99,10,40.2,8.4,56.09,Medium
V046,Alpha Logistics,12,97,4.93,93,7.3,0.88,2.75,10,16.3,6.9,63.39,Medium
V046,Alpha Logistics,13,85,2.56,89,6.8,0.59,4.12,6,2.2,7.3,59.82,Medium
V046,Alpha Logistics,14,93,0.64,83,6.8,1.77,3.27,4,5.9,7.4,62.22,Medium
V046,Alpha Logistics,15,76,0.78,89,9.1,5.19,4.08,9,44.4,8.3,60.11,Medium
V046,Alpha Logistics,16,91,4.73,81,8.0,1.85,3.15,5,34.5,6.3,61.17,Medium
V046,Alpha Logistics,17,75,1.88,79,6.8,3.66,3.61,8,28.0,6.3,51.32,Low
V046,Alpha Logistics,18,78,0.94,96,8.1,0.55,3.75,3,23.9,8.0,62.62,Medium
V046,Alpha Logistics,19,74,2.91,94,8.0,1.88,2.78,6,6.9,7.0,56.99,Medium
V046,Alpha Logistics,20,98,5.24,92,6.0,4.33,3.7,3,44.5,9.0,61.51,Medium
V046,Alpha Logistics,21,84,0.81,81,7.9,1.6,3.29,9,24.1,7.2,61.3,Medium
V046,Alpha Logistics,22,71,3.01,91,8.5,1.33,1.41,7,39.3,6.9,57.47,Medium
V046,Alpha Logistics,23,90,1.21,97,6.3,5.84,3.54,2,8.2,6.8,54.61,Low
V046,Alpha Logistics,24,86,5.53,100,6.2,4.93,4.38,1,2.5,7.5,54.24,Low
V047,Beta Manufacturing,1,98,2.6,85,9.1,0.97,1.38,5,43.2,8.9,72.98,Medium
V047,Beta Manufacturing,2,95,3.23,76,7.0,3.48,1.27,4,12.2,7.5,61.26,Medium
V047,Beta Manufacturing,3,76,0.53,98,6.3,4.08,2.02,7,9.4,9.3,56.39,Medium
V047,Beta Manufacturing,4,89,1.53,85,6.3,0.61,2.52,3,5.8,8.2,62.16,Medium
V047,Beta Manufacturing,5,87,1.64,81,8.5,1.29,3.29,3,30.7,7.9,65.65,Medium
V047,Beta Manufacturing,6,88,4.18,89,7.4,5.11,3.64,9,15.4,6.2,55.09,Medium
V047,Beta Manufacturing,7,91,3.66,97,6.2,4.89,3.05,1,29.8,8.6,58.7,Medium
V047,Beta Manufacturing,8,78,2.42,89,6.3,5.23,3.53,8,41.0,8.3,53.42,Low
V047,Beta Manufacturing,9,81,4.54,85,7.3,1.4,1.6,0,14.6,6.9,57.86,Medium
V047,Beta Manufacturing,10,77,3.45,85,6.9,4.88,1.43,2,18.2,8.9,56.16,Medium
V047,Beta Manufacturing,11,91,5.63,97,6.1,2.17,2.48,10,38.3,6.7,56.42,Medium
V047,Beta Manufacturing,12,82,2.11,78,8.7,0.58,4.33,8,41.2,6.2,61.34,Medium
V047,Beta Manufacturing,13,96,4.48,100,9.2,3.12,4.1,10,31.2,8.5,68.86,Medium
V047,Beta Manufacturing,14,97,4.71,98,6.2,1.68,1.95,4,43.0,8.2,62.79,Medium
V047,Beta Manufacturing,15,71,5.62,90,6.8,5.76,2.72,5,14.4,6.8,48.03,Low
V047,Beta Manufacturing,16,89,1.97,75,7.8,1.28,1.15,0,41.6,7.9,64.68,Medium
V047,Beta Manufacturing,17,75,2.11,81,6.8,3.5,3.25,2,28.0,6.3,51.72,Low
V047,Beta Manufacturing,18,93,3.22,94,9.3,1.95,4.91,1,33.9,7.5,67.99,Medium
V047,Beta Manufacturing,19,70,4.55,99,7.8,4.28,4.78,5,27.4,7.6,53.53,Low
V047,Beta Manufacturing,20,77,5.68,82,9.4,3.65,4.23,7,33.8,7.8,60.63,Medium
V047,Beta Manufacturing,21,93,5.08,84,8.2,3.37,4.64,3,45.8,9.3,66.86,Medium
V047,Beta Manufacturing,22,79,3.9,96,6.3,5.4,1.15,2,43.4,7.7,52.32,Low
V047,Beta Manufacturing,23,75,3.67,95,9.5,0.73,2.67,10,37.1,6.1,60.05,Medium
V047,Beta Manufacturing,24,86,2.4,91,7.8,4.2,4.77,3,43.6,6.4,57.45,Medium
V048,Beta Supplies,1,95,4.37,87,8.8,2.01,3.99,9,3.7,6.5,64.7,Medium
V048,Beta Supplies,2,98,4.25,94,6.4,4.95,3.18,10,32.3,6.2,56.19,Medium
V048,Beta Supplies,3,84,2.22,84,7.5,1.85,2.29,2,33.7,7.3,60.24,Medium
V048,Beta Supplies,4,94,5.45,94,7.7,4.36,3.45,8,8.3,8.2,62.43,Medium
V048,Beta Supplies,5,75,5.18,77,8.7,5.68,1.33,6,47.1,8.1,56.93,Medium
V048,Beta Supplies,6,94,4.13,77,9.3,3.69,4.7,8,39.5,6.5,64.03,Medium
V048,Beta Supplies,7,75,4.78,79,7.3,1.25,0.8,5,5.8,9.3,60.41,Medium
V048,Beta Supplies,8,72,4.71,90,8.7,1.94,0.82,10,30.5,7.6,58.53,Medium
V048,Beta Supplies,9,78,1.1,92,7.9,4.08,3.06,5,8.6,6.4,55.25,Medium
V048,Beta Supplies,10,70,5.2,82,8.7,3.36,1.58,5,39.2,7.1,55.54,Medium
V048,Beta Supplies,11,91,5.84,77,8.6,3.76,2.53,5,36.3,8.0,63.88,Medium
V048,Beta Supplies,12,75,0.63,94,8.9,1.86,1.47,8,27.3,7.2,60.48,Medium
V048,Beta Supplies,13,90,4.84,88,6.8,2.83,3.82,3,33.6,8.2,60.71,Medium
V048,Beta Supplies,14,87,5.59,88,8.8,4.76,0.96,4,42.7,7.5,61.09,Medium
V048,Beta Supplies,15,73,2.68,95,9.4,3.96,1.29,1,17.0,7.6,59.57,Medium
V048,Beta Supplies,16,75,1.24,84,8.8,4.0,2.18,7,47.6,8.1,59.79,Medium
V048,Beta Supplies,17,92,2.82,90,8.8,1.79,2.78,10,45.4,7.6,66.4,Medium
V048,Beta Supplies,18,76,2.38,78,7.0,1.45,3.14,7,37.3,7.2,56.1,Medium
V048,Beta Supplies,19,89,2.27,97,6.8,2.8,2.35,10,3.7,7.2,58.68,Medium
V048,Beta Supplies,20,98,5.29,94,8.9,2.34,2.31,9,17.1,8.7,69.84,Medium
V048,Beta Supplies,21,83,4.3,82,8.0,5.1,2.68,3,3.6,7.6,57.92,Medium
V048,Beta Supplies,22,97,3.3,98,7.2,4.51,1.96,2,47.7,7.9,62.31,Medium
V048,Beta Supplies,23,98,5.21,82,7.8,0.97,2.85,4,27.8,6.9,65.13,Medium
V048,Beta Supplies,24,91,3.64,80,6.3,5.77,3.34,5,19.1,9.0,58.67,Medium
V049,Zenith Enterprises,1,97,5.51,97,7.4,4.3,2.12,10,6.1,8.1,62.47,Medium
V049,Zenith Enterprises,2,83,4.48,93,6.5,2.21,2.86,10,39.3,8.3,58.07,Medium
V049,Zenith Enterprises,3,70,1.34,76,6.7,3.14,0.96,2,6.9,8.5,54.67,Low
V049,Zenith Enterprises,4,70,1.13,98,6.1,1.75,2.32,1,48.0,8.9,55.47,Medium
V049,Zenith Enterprises,5,75,2.75,79,7.2,0.9,1.62,5,28.8,9.2,60.81,Medium
V049,Zenith Enterprises,6,79,5.04,92,7.0,0.82,2.43,1,9.1,7.4,57.82,Medium
V049,Zenith Enterprises,7,71,1.81,100,8.0,3.47,4.6,6,12.0,6.2,53.03,Low
V049,Zenith Enterprises,8,75,0.89,81,8.1,3.57,4.1,1,22.9,6.6,55.86,Medium
V049,Zenith Enterprises,9,79,1.35,83,8.4,3.56,1.23,7,42.5,9.2,62.8,Medium
V049,Zenith Enterprises,10,78,0.79,93,9.5,0.67,1.56,6,43.6,6.2,62.28,Medium
V049,Zenith Enterprises,11,88,3.74,82,8.5,2.39,2.27,7,23.8,8.2,64.77,Medium
V049,Zenith Enterprises,12,71,1.64,99,6.8,3.89,3.44,3,5.3,6.5,50.4,Low
V049,Zenith Enterprises,13,91,4.01,100,7.8,5.39,0.69,7,29.9,6.6,57.81,Medium
V049,Zenith Enterprises,14,95,0.62,87,8.3,2.62,0.58,3,22.6,8.2,67.47,Medium
V049,Zenith Enterprises,15,74,1.05,75,8.1,2.18,4.14,7,36.7,7.3,57.96,Medium
V049,Zenith Enterprises,16,88,3.75,78,7.8,4.06,1.32,3,20.2,7.6,60.35,Medium
V049,Zenith Enterprises,17,98,2.49,96,6.8,5.49,0.8,10,26.8,8.8,62.29,Medium
V049,Zenith Enterprises,18,75,4.17,99,7.3,1.02,2.78,3,15.5,7.7,57.69,Medium
V049,Zenith Enterprises,19,80,2.39,82,6.2,4.68,0.68,5,30.8,6.7,51.37,Low
V049,Zenith Enterprises,20,89,2.33,92,8.5,3.37,0.5,9,38.8,6.6,61.2,Medium
V049,Zenith Enterprises,21,89,4.4,79,8.6,5.44,0.53,10,6.2,6.4,58.41,Medium
V049,Zenith Enterprises,22,81,3.25,95,7.7,2.46,3.46,1,23.3,8.0,60.28,Medium
V049,Zenith Enterprises,23,92,1.72,75,6.1,0.55,2.95,1,44.2,8.2,62.82,Medium
V049,Zenith Enterprises,24,80,1.81,92,7.0,1.52,4.59,3,32.5,9.2,61.78,Medium
V050,Nova Enterprises,1,85,3.14,91,8.0,1.09,3.44,3,27.0,6.3,60.32,Medium
V050,Nova Enterprises,2,87,0.65,94,6.6,1.85,3.15,4,16.6,8.6,61.94,Medium
V050,Nova Enterprises,3,90,0.63,99,7.7,2.16,0.79,7,44.9,8.7,65.48,Medium
V050,Nova Enterprises,4,73,1.83,95,6.7,5.96,1.31,6,38.8,6.6,48.78,Low
V050,Nova Enterprises,5,82,0.77,79,8.7,1.65,1.91,0,40.9,6.8,62.21,Medium
V050,Nova Enterprises,6,74,5.77,81,8.1,4.82,3.01,1,17.5,6.4,52.64,Low
V050,Nova Enterprises,7,75,2.59,100,9.1,3.75,1.49,4,37.2,6.9,58.2,Medium
V050,Nova Enterprises,8,84,4.77,82,6.5,3.4,3.26,2,2.8,7.2,55.36,Medium
V050,Nova Enterprises,9,94,1.41,80,8.5,4.5,1.56,2,29.7,9.0,67.2,Medium
V050,Nova Enterprises,10,89,4.94,96,8.5,0.66,1.74,4,17.4,9.2,68.7,Medium
V050,Nova Enterprises,11,83,2.11,79,8.5,1.2,2.27,5,11.6,8.6,65.52,Medium
V050,Nova Enterprises,12,91,1.51,93,9.3,0.99,4.52,1,17.0,8.2,70.08,Medium
V050,Nova Enterprises,13,92,1.68,98,7.7,1.25,2.32,1,15.5,7.9,65.53,Medium
V050,Nova Enterprises,14,74,2.45,94,8.8,0.82,2.0,8,21.3,7.0,60.07,Medium
V050,Nova Enterprises,15,79,5.44,78,8.3,3.85,4.12,3,28.8,6.2,55.44,Medium
V050,Nova Enterprises,16,85,5.23,92,8.7,0.64,1.22,10,40.1,6.7,62.45,Medium
V050,Nova Enterprises,17,82,4.15,80,6.1,5.63,3.74,7,4.2,8.7,54.33,Low
V050,Nova Enterprises,18,72,1.56,80,7.5,3.87,2.69,7,38.8,6.5,52.34,Low
V050,Nova Enterprises,19,76,3.0,93,8.2,2.41,1.19,6,26.7,9.1,61.84,Medium
V050,Nova Enterprises,20,73,2.64,78,7.5,1.89,1.66,0,17.2,6.8,55.35,Medium
V050,Nova Enterprises,21,95,2.71,82,8.9,3.96,1.32,10,32.9,8.8,67.96,Medium
V050,Nova Enterprises,22,85,1.58,91,8.5,4.78,2.39,7,32.9,7.8,61.07,Medium
V050,Nova Enterprises,23,74,5.18,82,8.1,2.26,3.59,8,47.4,6.5,55.2,Medium
V050,Nova Enterprises,24,82,5.16,95,9.2,2.66,3.34,0,16.1,8.3,64.35,Medium
